feta_cheese,lemon_peel,{'weight': 1}
feta_cheese,lettuce,{'weight': 1}
feta_cheese,soy_sauce,{'weight': 1}
feta_cheese,sage,{'weight': 2}
feta_cheese,vegetable_oil,{'weight': 1}
feta_cheese,seed,{'weight': 1}
feta_cheese,anise,{'weight': 1}
feta_cheese,violet,{'weight': 1}
feta_cheese,basil,{'weight': 2}
feta_cheese,whole_grain_wheat_flour,{'weight': 1}
feta_cheese,milk_fat,{'weight': 1}
feta_cheese,fennel,{'weight': 1}
feta_cheese,pimento,{'weight': 1}
feta_cheese,almond,{'weight': 2}
feta_cheese,watermelon,{'weight': 1}
feta_cheese,corn_flake,{'weight': 1}
feta_cheese,wheat,{'weight': 1}
feta_cheese,olive_oil,{'weight': 2}
feta_cheese,chinese_cabbage,{'weight': 2}
feta_cheese,sesame_oil,{'weight': 1}
feta_cheese,vegetable,{'weight': 1}
feta_cheese,beet,{'weight': 1}
feta_cheese,lemon_juice,{'weight': 1}
feta_cheese,grape_juice,{'weight': 1}
feta_cheese,beef_broth,{'weight': 1}
feta_cheese,macaroni,{'weight': 1}
feta_cheese,lime_juice,{'weight': 1}
feta_cheese,japanese_plum,{'weight': 1}
feta_cheese,turmeric,{'weight': 2}
feta_cheese,yam,{'weight': 1}
rosemary,sauerkraut,{'weight': 1}
rosemary,raisin,{'weight': 2}
rosemary,bread,{'weight': 1}
rosemary,pimenta,{'weight': 1}
rosemary,oat,{'weight': 2}
rosemary,cider,{'weight': 1}
rosemary,sesame_seed,{'weight': 2}
rosemary,star_anise,{'weight': 2}
rosemary,chive,{'weight': 1}
rosemary,vinegar,{'weight': 1}
rosemary,roasted_sesame_seed,{'weight': 2}
rosemary,nut,{'weight': 1}
rosemary,watermelon,{'weight': 2}
rosemary,lemon_peel,{'weight': 2}
rosemary,pea,{'weight': 2}
rosemary,almond,{'weight': 1}
rosemary,walnut,{'weight': 1}
rosemary,bay,{'weight': 1}
rosemary,egg,{'weight': 2}
rosemary,buttermilk,{'weight': 1}
rosemary,brandy,{'weight': 1}
rosemary,pistachio,{'weight': 1}
rosemary,fenugreek,{'weight': 2}
rosemary,onion,{'weight': 1}
rosemary,cream,{'weight': 2}
rosemary,oyster,{'weight': 1}
rosemary,sake,{'weight': 1}
rosemary,hazelnut,{'weight': 1}
rosemary,cilantro,{'weight': 2}
rosemary,pumpkin,{'weight': 1}
rosemary,white_bread,{'weight': 1}
rosemary,mustard,{'weight': 2}
soybean,vegetable_oil,{'weight': 1}
soybean,lard,{'weight': 1}
soybean,pimento,{'weight': 1}
soybean,sesame_oil,{'weight': 2}
soybean,chicory,{'weight': 1}
soybean,vegetable,{'weight': 1}
soybean,grape_juice,{'weight': 1}
soybean,sage,{'weight': 2}
soybean,palm,{'weight': 2}
soybean,lentil,{'weight': 1}
soybean,beef_broth,{'weight': 2}
soybean,watermelon,{'weight': 2}
soybean,shallot,{'weight': 2}
soybean,chinese_cabbage,{'weight': 2}
soybean,yam,{'weight': 1}
soybean,zucchini,{'weight': 1}
soybean,soy_sauce,{'weight': 1}
soybean,japanese_plum,{'weight': 2}
soybean,violet,{'weight': 1}
soybean,olive_oil,{'weight': 2}
soybean,lime_juice,{'weight': 1}
soybean,cane_molasses,{'weight': 1}
soybean,chicken_broth,{'weight': 1}
soybean,star_anise,{'weight': 1}
soybean,wheat,{'weight': 1}
leek,lemongrass,{'weight': 1}
leek,lemon_peel,{'weight': 1}
leek,olive_oil,{'weight': 2}
leek,sesame_seed,{'weight': 1}
leek,dill,{'weight': 2}
leek,currant,{'weight': 2}
leek,fenugreek,{'weight': 1}
leek,sesame_oil,{'weight': 1}
leek,vegetable_oil,{'weight': 1}
leek,violet,{'weight': 1}
leek,vegetable,{'weight': 1}
leek,marjoram,{'weight': 1}
leek,cassava,{'weight': 1}
leek,roasted_sesame_seed,{'weight': 1}
leek,japanese_plum,{'weight': 1}
leek,palm,{'weight': 1}
leek,cinnamon,{'weight': 2}
leek,nutmeg,{'weight': 1}
pork,sesame_oil,{'weight': 2}
pork,chive,{'weight': 2}
pork,olive_oil,{'weight': 1}
pork,chickpea,{'weight': 1}
pork,pimento,{'weight': 1}
pork,anise,{'weight': 2}
pork,chicken_broth,{'weight': 1}
pork,lard,{'weight': 1}
pork,lemon_peel,{'weight': 2}
pork,turmeric,{'weight': 1}
pork,pepper,{'weight': 1}
pork,tabasco_pepper,{'weight': 1}
pork,black_pepper,{'weight': 1}
pork,yam,{'weight': 1}
pork,japanese_plum,{'weight': 1}
pork,basil,{'weight': 1}
pork,violet,{'weight': 1}
pork,palm,{'weight': 2}
pork,lettuce,{'weight': 2}
pork,lime_juice,{'weight': 1}
pork,seed,{'weight': 1}
pork,fennel,{'weight': 1}
pork,sage,{'weight': 1}
pork,green_bell_pepper,{'weight': 1}
pork,cayenne,{'weight': 1}
pork,beet,{'weight': 1}
dill,star_anise,{'weight': 2}
dill,onion,{'weight': 2}
dill,radish,{'weight': 2}
dill,shallot,{'weight': 1}
dill,oregano,{'weight': 1}
dill,yogurt,{'weight': 2}
dill,palm,{'weight': 1}
dill,pumpkin,{'weight': 2}
dill,pistachio,{'weight': 2}
dill,hazelnut,{'weight': 2}
dill,watermelon,{'weight': 2}
dill,lettuce,{'weight': 2}
dill,buttermilk,{'weight': 1}
dill,truffle,{'weight': 2}
dill,walnut,{'weight': 2}
dill,vinegar,{'weight': 1}
dill,nut,{'weight': 2}
dill,sauerkraut,{'weight': 2}
dill,sweet_potato,{'weight': 2}
dill,lemon_juice,{'weight': 1}
dill,cilantro,{'weight': 2}
tuna,cayenne,{'weight': 2}
tuna,almond,{'weight': 2}
tuna,beef_broth,{'weight': 2}
tuna,wheat,{'weight': 1}
tuna,tabasco_pepper,{'weight': 2}
tuna,green_bell_pepper,{'weight': 2}
tuna,sesame_oil,{'weight': 2}
tuna,palm,{'weight': 2}
tuna,fennel,{'weight': 1}
tuna,grape_juice,{'weight': 1}
tuna,anise,{'weight': 1}
tuna,cumin,{'weight': 1}
tuna,pepper,{'weight': 2}
tuna,japanese_plum,{'weight': 1}
tuna,lemon_peel,{'weight': 1}
tuna,violet,{'weight': 1}
tuna,chickpea,{'weight': 1}
tuna,lard,{'weight': 1}
lemon_juice,cheddar_cheese,{'weight': 1}
lemon_juice,shiitake,{'weight': 1}
lemon_juice,vanilla,{'weight': 1}
lemon_juice,sesame_seed,{'weight': 1}
lemon_juice,orange,{'weight': 2}
lemon_juice,mushroom,{'weight': 1}
lemon_juice,egg,{'weight': 1}
lemon_juice,roasted_sesame_seed,{'weight': 1}
lemon_juice,green_bell_pepper,{'weight': 1}
lemon_juice,beef,{'weight': 1}
lemon_juice,mint,{'weight': 1}
lemon_juice,bell_pepper,{'weight': 1}
lemon_juice,mozzarella_cheese,{'weight': 1}
lemon_juice,parmesan_cheese,{'weight': 1}
lemon_juice,black_pepper,{'weight': 1}
lemon_juice,pepper,{'weight': 1}
lemon_juice,matsutake,{'weight': 1}
lemon_juice,milk,{'weight': 1}
lemon_juice,coffee,{'weight': 1}
lemon_juice,blue_cheese,{'weight': 1}
lemon_juice,cream_cheese,{'weight': 1}
lemon_juice,roasted_beef,{'weight': 1}
lemon_juice,cayenne,{'weight': 1}
lemon_juice,romano_cheese,{'weight': 1}
lemon_juice,papaya,{'weight': 1}
lemon_juice,cheese,{'weight': 1}
lemon_juice,orange_juice,{'weight': 1}
lemon_juice,marjoram,{'weight': 1}
lemon_juice,vinegar,{'weight': 1}
lemon_juice,tabasco_pepper,{'weight': 1}
lemon_juice,cottage_cheese,{'weight': 1}
lemon_juice,clam,{'weight': 1}
cinnamon,fenugreek,{'weight': 2}
cinnamon,vinegar,{'weight': 2}
cinnamon,cider,{'weight': 2}
cinnamon,cabbage,{'weight': 1}
cinnamon,lime_juice,{'weight': 1}
cinnamon,watermelon,{'weight': 2}
cinnamon,turkey,{'weight': 2}
cinnamon,sesame_seed,{'weight': 2}
cinnamon,veal,{'weight': 2}
cinnamon,coconut,{'weight': 2}
cinnamon,cream,{'weight': 2}
cinnamon,chive,{'weight': 2}
cinnamon,cauliflower,{'weight': 1}
cinnamon,almond,{'weight': 1}
cinnamon,cassava,{'weight': 1}
cinnamon,oyster,{'weight': 1}
cinnamon,yogurt,{'weight': 2}
cinnamon,vegetable,{'weight': 1}
cinnamon,garlic,{'weight': 1}
cinnamon,pumpkin,{'weight': 1}
cinnamon,sweet_potato,{'weight': 2}
cinnamon,smoked_sausage,{'weight': 2}
cinnamon,peanut_oil,{'weight': 1}
cinnamon,ham,{'weight': 2}
cinnamon,roasted_sesame_seed,{'weight': 2}
cinnamon,japanese_plum,{'weight': 1}
cinnamon,broccoli,{'weight': 1}
cinnamon,brandy,{'weight': 1}
cinnamon,meat,{'weight': 2}
cinnamon,truffle,{'weight': 2}
cinnamon,radish,{'weight': 1}
seaweed,raspberry,{'weight': 1}
seaweed,pear,{'weight': 1}
seaweed,cranberry,{'weight': 1}
seaweed,strawberry,{'weight': 1}
seaweed,apricot,{'weight': 1}
pea,brandy,{'weight': 2}
pea,sage,{'weight': 1}
pea,anise,{'weight': 1}
pea,lemongrass,{'weight': 1}
pea,lime_juice,{'weight': 1}
pea,turmeric,{'weight': 1}
pea,zucchini,{'weight': 1}
pea,chive,{'weight': 1}
pea,nutmeg,{'weight': 2}
pea,pimento,{'weight': 1}
pea,cumin,{'weight': 2}
pea,basil,{'weight': 1}
pea,fennel,{'weight': 1}
pea,lentil,{'weight': 1}
pea,fenugreek,{'weight': 1}
pea,lemon_peel,{'weight': 1}
pea,beet,{'weight': 2}
pea,star_anise,{'weight': 1}
pea,yam,{'weight': 1}
milk,sesame_oil,{'weight': 1}
milk,root,{'weight': 1}
milk,lentil,{'weight': 1}
milk,yeast,{'weight': 1}
milk,violet,{'weight': 1}
milk,yam,{'weight': 1}
milk,lime_juice,{'weight': 1}
milk,grape_juice,{'weight': 1}
milk,lemon_peel,{'weight': 2}
milk,anise,{'weight': 1}
milk,olive_oil,{'weight': 1}
milk,chicory,{'weight': 1}
milk,watermelon,{'weight': 1}
milk,chinese_cabbage,{'weight': 2}
milk,chickpea,{'weight': 1}
milk,pimento,{'weight': 1}
milk,marjoram,{'weight': 2}
milk,beef_broth,{'weight': 1}
milk,lettuce,{'weight': 2}
milk,lard,{'weight': 1}
milk,japanese_plum,{'weight': 1}
oat,black_pepper,{'weight': 1}
oat,pepper,{'weight': 1}
oat,sesame_oil,{'weight': 1}
oat,cayenne,{'weight': 1}
oat,chinese_cabbage,{'weight': 1}
oat,tabasco_pepper,{'weight': 1}
oat,cassava,{'weight': 2}
oat,yam,{'weight': 1}
oat,lentil,{'weight': 1}
oat,brandy,{'weight': 2}
oat,anise,{'weight': 1}
oat,cilantro,{'weight': 2}
oat,palm,{'weight': 1}
oat,fenugreek,{'weight': 2}
oat,almond,{'weight': 1}
oat,cumin,{'weight': 1}
oat,olive_oil,{'weight': 1}
oat,fennel,{'weight': 1}
oat,green_bell_pepper,{'weight': 1}
oat,japanese_plum,{'weight': 2}
oat,chive,{'weight': 1}
oat,bitter_orange,{'weight': 2}
oat,shallot,{'weight': 1}
oat,lemongrass,{'weight': 2}
tomato,soy_sauce,{'weight': 2}
tomato,olive_oil,{'weight': 1}
tomato,grape_juice,{'weight': 1}
tomato,violet,{'weight': 1}
tomato,sesame_oil,{'weight': 2}
tomato,beef_broth,{'weight': 2}
tomato,basil,{'weight': 2}
tomato,sage,{'weight': 2}
tomato,palm,{'weight': 2}
tomato,yam,{'weight': 1}
tomato,milk_fat,{'weight': 2}
tomato,shallot,{'weight': 2}
tomato,lime_juice,{'weight': 1}
tomato,chinese_cabbage,{'weight': 1}
tomato,wheat,{'weight': 1}
corn,beet,{'weight': 2}
corn,violet,{'weight': 1}
corn,sesame_oil,{'weight': 2}
corn,cumin,{'weight': 2}
corn,maple_syrup,{'weight': 2}
corn,beef_broth,{'weight': 1}
corn,star_anise,{'weight': 1}
corn,sage,{'weight': 1}
corn,palm,{'weight': 2}
corn,pimento,{'weight': 1}
corn,lettuce,{'weight': 2}
corn,fennel,{'weight': 2}
corn,turmeric,{'weight': 2}
brown_rice,pimento,{'weight': 1}
brown_rice,violet,{'weight': 1}
brown_rice,seed,{'weight': 1}
brown_rice,anise,{'weight': 2}
brown_rice,lentil,{'weight': 1}
brown_rice,beef_broth,{'weight': 2}
brown_rice,lettuce,{'weight': 2}
brown_rice,star_anise,{'weight': 1}
brown_rice,sesame_oil,{'weight': 2}
brown_rice,turmeric,{'weight': 1}
brown_rice,japanese_plum,{'weight': 2}
brown_rice,grape_juice,{'weight': 1}
brown_rice,yam,{'weight': 1}
brown_rice,basil,{'weight': 2}
brown_rice,beet,{'weight': 2}
brown_rice,cumin,{'weight': 2}
meat,almond,{'weight': 2}
meat,palm,{'weight': 1}
meat,cassava,{'weight': 2}
meat,lettuce,{'weight': 2}
meat,green_bell_pepper,{'weight': 1}
meat,violet,{'weight': 1}
meat,nutmeg,{'weight': 2}
meat,black_pepper,{'weight': 1}
meat,shallot,{'weight': 1}
meat,olive_oil,{'weight': 1}
meat,buttermilk,{'weight': 1}
meat,sesame_oil,{'weight': 2}
meat,pepper,{'weight': 1}
meat,chive,{'weight': 2}
meat,tabasco_pepper,{'weight': 1}
meat,cayenne,{'weight': 1}
meat,garlic,{'weight': 2}
meat,lemon_peel,{'weight': 2}
meat,marjoram,{'weight': 2}
coffee,palm,{'weight': 1}
coffee,japanese_plum,{'weight': 2}
coffee,milk_fat,{'weight': 1}
coffee,cilantro,{'weight': 2}
coffee,lime_juice,{'weight': 1}
coffee,grape_juice,{'weight': 1}
coffee,violet,{'weight': 1}
coffee,fennel,{'weight': 1}
coffee,anise,{'weight': 2}
coffee,vegetable,{'weight': 2}
coffee,pimento,{'weight': 2}
coffee,lemon_peel,{'weight': 2}
coffee,olive_oil,{'weight': 2}
coffee,cane_molasses,{'weight': 2}
coffee,yam,{'weight': 1}
coffee,turmeric,{'weight': 1}
coffee,chicory,{'weight': 1}
coffee,lentil,{'weight': 1}
coffee,vegetable_oil,{'weight': 2}
coffee,sage,{'weight': 2}
chicken,cumin,{'weight': 1}
chicken,grape_juice,{'weight': 1}
chicken,chickpea,{'weight': 1}
chicken,beet,{'weight': 2}
chicken,chicken_broth,{'weight': 1}
chicken,seed,{'weight': 1}
chicken,turmeric,{'weight': 1}
chicken,fennel,{'weight': 1}
chicken,violet,{'weight': 1}
chicken,anise,{'weight': 1}
chicken,vegetable,{'weight': 1}
chicken,beef_broth,{'weight': 1}
chicken,star_anise,{'weight': 1}
chicken,basil,{'weight': 1}
chicken,olive_oil,{'weight': 2}
chicken,lard,{'weight': 1}
chicken,yam,{'weight': 1}
chicken,lemon_peel,{'weight': 2}
chicken,lettuce,{'weight': 2}
chicken,vegetable_oil,{'weight': 1}
chicken,japanese_plum,{'weight': 1}
chicken,sesame_oil,{'weight': 2}
vegetable,honey,{'weight': 1}
vegetable,shiitake,{'weight': 1}
vegetable,mushroom,{'weight': 1}
vegetable,roasted_beef,{'weight': 2}
vegetable,parmesan_cheese,{'weight': 1}
vegetable,sherry,{'weight': 1}
vegetable,onion,{'weight': 1}
vegetable,mango,{'weight': 1}
vegetable,lime,{'weight': 1}
vegetable,banana,{'weight': 1}
vegetable,cheddar_cheese,{'weight': 1}
vegetable,matsutake,{'weight': 1}
vegetable,rum,{'weight': 1}
vegetable,beef,{'weight': 2}
vegetable,white_wine,{'weight': 1}
vegetable,red_wine,{'weight': 1}
vegetable,cheese,{'weight': 1}
vegetable,whiskey,{'weight': 1}
vegetable,anise,{'weight': 1}
vegetable,mozzarella_cheese,{'weight': 1}
vegetable,strawberry,{'weight': 1}
vegetable,cider,{'weight': 1}
vegetable,olive_oil,{'weight': 1}
vegetable,star_anise,{'weight': 1}
vegetable,romano_cheese,{'weight': 1}
vegetable,pimento,{'weight': 1}
vegetable,tangerine,{'weight': 1}
vegetable,lemon,{'weight': 1}
vegetable,cranberry,{'weight': 1}
vegetable,cottage_cheese,{'weight': 1}
vegetable,olive,{'weight': 1}
vegetable,cream_cheese,{'weight': 1}
vegetable,fennel,{'weight': 1}
vegetable,orange,{'weight': 1}
vegetable,papaya,{'weight': 1}
vegetable,blue_cheese,{'weight': 1}
vegetable,wine,{'weight': 1}
vegetable,citrus,{'weight': 1}
bell_pepper,lime_juice,{'weight': 1}
bell_pepper,broccoli,{'weight': 2}
bell_pepper,cassava,{'weight': 2}
bell_pepper,watermelon,{'weight': 2}
bell_pepper,garlic,{'weight': 2}
bell_pepper,fenugreek,{'weight': 2}
bell_pepper,japanese_plum,{'weight': 1}
bell_pepper,radish,{'weight': 1}
bell_pepper,lentil,{'weight': 1}
bell_pepper,cauliflower,{'weight': 2}
bell_pepper,bay,{'weight': 1}
bell_pepper,almond,{'weight': 2}
bell_pepper,sesame_oil,{'weight': 1}
bell_pepper,palm,{'weight': 1}
bell_pepper,violet,{'weight': 1}
bell_pepper,pimenta,{'weight': 1}
sweet_potato,mustard,{'weight': 1}
sweet_potato,roasted_sesame_seed,{'weight': 2}
sweet_potato,cucumber,{'weight': 2}
sweet_potato,currant,{'weight': 2}
sweet_potato,pear,{'weight': 1}
sweet_potato,tangerine,{'weight': 2}
sweet_potato,cider,{'weight': 1}
sweet_potato,vinegar,{'weight': 1}
sweet_potato,coconut,{'weight': 2}
sweet_potato,bitter_orange,{'weight': 2}
sweet_potato,citrus,{'weight': 1}
sweet_potato,vanilla,{'weight': 1}
sweet_potato,hazelnut,{'weight': 1}
sweet_potato,lemongrass,{'weight': 1}
sweet_potato,grapefruit,{'weight': 2}
sweet_potato,cabbage,{'weight': 1}
sweet_potato,sesame_oil,{'weight': 1}
sweet_potato,cassava,{'weight': 2}
sweet_potato,olive,{'weight': 1}
sweet_potato,coriander,{'weight': 1}
sweet_potato,lemon_peel,{'weight': 1}
sweet_potato,lemon,{'weight': 2}
sweet_potato,pistachio,{'weight': 1}
sweet_potato,sesame_seed,{'weight': 2}
sweet_potato,orange_juice,{'weight': 2}
sweet_potato,mint,{'weight': 1}
sweet_potato,honey,{'weight': 1}
sweet_potato,lime,{'weight': 2}
sweet_potato,cilantro,{'weight': 1}
sweet_potato,nut,{'weight': 1}
sweet_potato,cream,{'weight': 1}
sweet_potato,walnut,{'weight': 2}
sweet_potato,thyme,{'weight': 1}
sweet_potato,almond,{'weight': 1}
sweet_potato,fenugreek,{'weight': 1}
sweet_potato,pumpkin,{'weight': 2}
sweet_potato,parsley,{'weight': 2}
whiskey,soy_sauce,{'weight': 1}
whiskey,basil,{'weight': 2}
whiskey,palm,{'weight': 2}
whiskey,parsley,{'weight': 2}
whiskey,beef_broth,{'weight': 1}
whiskey,violet,{'weight': 1}
whiskey,tabasco_pepper,{'weight': 2}
whiskey,lime_juice,{'weight': 1}
whiskey,olive_oil,{'weight': 2}
whiskey,black_pepper,{'weight': 2}
whiskey,green_bell_pepper,{'weight': 2}
whiskey,cassava,{'weight': 1}
whiskey,watermelon,{'weight': 1}
whiskey,vegetable_oil,{'weight': 1}
whiskey,lemon_peel,{'weight': 2}
whiskey,anise,{'weight': 2}
whiskey,pepper,{'weight': 2}
whiskey,cayenne,{'weight': 2}
whiskey,pumpkin,{'weight': 2}
whiskey,grape_juice,{'weight': 1}
whiskey,pimento,{'weight': 2}
whiskey,maple_syrup,{'weight': 2}
whiskey,sesame_oil,{'weight': 1}
whiskey,buttermilk,{'weight': 1}
whiskey,lettuce,{'weight': 1}
beef,fennel,{'weight': 2}
beef,maple_syrup,{'weight': 1}
beef,chickpea,{'weight': 1}
beef,milk_fat,{'weight': 2}
beef,lime_juice,{'weight': 1}
beef,star_anise,{'weight': 1}
beef,grape_juice,{'weight': 1}
beef,vegetable_oil,{'weight': 1}
beef,soy_sauce,{'weight': 1}
beef,violet,{'weight': 1}
beef,olive_oil,{'weight': 2}
beef,chicken_broth,{'weight': 1}
beef,zucchini,{'weight': 1}
beef,seed,{'weight': 1}
beef,lettuce,{'weight': 2}
beef,lard,{'weight': 1}
beef,turmeric,{'weight': 1}
beef,cumin,{'weight': 2}
beef,beet,{'weight': 2}
beef,yam,{'weight': 1}
beef,basil,{'weight': 1}
thyme,pear,{'weight': 2}
thyme,cucumber,{'weight': 2}
thyme,mustard,{'weight': 1}
thyme,oyster,{'weight': 2}
thyme,buttermilk,{'weight': 1}
thyme,broccoli,{'weight': 1}
thyme,bread,{'weight': 2}
thyme,sake,{'weight': 1}
thyme,chive,{'weight': 1}
thyme,egg,{'weight': 2}
thyme,cauliflower,{'weight': 1}
thyme,pumpkin,{'weight': 1}
thyme,sesame_seed,{'weight': 1}
thyme,bitter_orange,{'weight': 2}
thyme,fig,{'weight': 2}
thyme,roasted_sesame_seed,{'weight': 1}
thyme,fenugreek,{'weight': 1}
thyme,peanut_oil,{'weight': 2}
thyme,white_bread,{'weight': 2}
thyme,palm,{'weight': 1}
thyme,japanese_plum,{'weight': 1}
thyme,cilantro,{'weight': 2}
thyme,sage,{'weight': 2}
thyme,cherry,{'weight': 2}
thyme,pistachio,{'weight': 1}
thyme,avocado,{'weight': 1}
thyme,lemongrass,{'weight': 2}
thyme,hazelnut,{'weight': 1}
thyme,walnut,{'weight': 1}
thyme,asparagus,{'weight': 2}
thyme,honey,{'weight': 2}
thyme,nut,{'weight': 1}
yogurt,fenugreek,{'weight': 1}
yogurt,lemongrass,{'weight': 1}
yogurt,mustard,{'weight': 2}
yogurt,marjoram,{'weight': 1}
yogurt,shallot,{'weight': 1}
yogurt,pumpkin,{'weight': 2}
yogurt,almond,{'weight': 1}
yogurt,wheat,{'weight': 1}
yogurt,cayenne,{'weight': 1}
yogurt,pepper,{'weight': 1}
yogurt,cucumber,{'weight': 2}
yogurt,nutmeg,{'weight': 2}
yogurt,green_bell_pepper,{'weight': 1}
yogurt,pistachio,{'weight': 1}
yogurt,pimento,{'weight': 1}
yogurt,brandy,{'weight': 1}
yogurt,chive,{'weight': 1}
yogurt,grape_juice,{'weight': 1}
yogurt,milk_fat,{'weight': 2}
yogurt,cilantro,{'weight': 1}
yogurt,truffle,{'weight': 1}
yogurt,palm,{'weight': 1}
yogurt,beef_broth,{'weight': 1}
yogurt,watermelon,{'weight': 1}
yogurt,nut,{'weight': 1}
yogurt,olive_oil,{'weight': 1}
yogurt,basil,{'weight': 1}
yogurt,hazelnut,{'weight': 1}
yogurt,lemon_peel,{'weight': 1}
yogurt,tabasco_pepper,{'weight': 1}
yogurt,black_pepper,{'weight': 1}
yogurt,yam,{'weight': 1}
yogurt,sesame_oil,{'weight': 1}
yogurt,bitter_orange,{'weight': 2}
grapefruit,beef_broth,{'weight': 2}
grapefruit,palm,{'weight': 2}
grapefruit,brandy,{'weight': 2}
grapefruit,cayenne,{'weight': 2}
grapefruit,buttermilk,{'weight': 2}
grapefruit,pistachio,{'weight': 2}
grapefruit,fennel,{'weight': 1}
grapefruit,black_pepper,{'weight': 2}
grapefruit,green_bell_pepper,{'weight': 2}
grapefruit,maple_syrup,{'weight': 1}
grapefruit,pepper,{'weight': 2}
grapefruit,garlic,{'weight': 2}
grapefruit,fenugreek,{'weight': 2}
grapefruit,hazelnut,{'weight': 2}
grapefruit,mint,{'weight': 2}
grapefruit,japanese_plum,{'weight': 1}
grapefruit,lettuce,{'weight': 1}
grapefruit,grape_juice,{'weight': 1}
grapefruit,pimento,{'weight': 1}
grapefruit,shallot,{'weight': 1}
grapefruit,truffle,{'weight': 2}
grapefruit,chive,{'weight': 2}
grapefruit,nut,{'weight': 2}
grapefruit,anise,{'weight': 1}
grapefruit,basil,{'weight': 1}
grapefruit,lemongrass,{'weight': 2}
grapefruit,cherry,{'weight': 2}
grapefruit,lime_juice,{'weight': 1}
grapefruit,pumpkin,{'weight': 2}
rice,anise,{'weight': 2}
rice,lentil,{'weight': 1}
rice,beef_broth,{'weight': 2}
rice,basil,{'weight': 2}
rice,cumin,{'weight': 2}
rice,wheat,{'weight': 1}
rice,sesame_oil,{'weight': 2}
rice,almond,{'weight': 2}
rice,pimento,{'weight': 1}
rice,seed,{'weight': 1}
rice,grape_juice,{'weight': 1}
rice,japanese_plum,{'weight': 2}
rice,lettuce,{'weight': 2}
rice,violet,{'weight': 1}
rice,turmeric,{'weight': 1}
rice,yam,{'weight': 1}
rice,star_anise,{'weight': 1}
asparagus,seed,{'weight': 2}
asparagus,violet,{'weight': 1}
asparagus,lemon_peel,{'weight': 2}
asparagus,japanese_plum,{'weight': 1}
asparagus,radish,{'weight': 2}
asparagus,shallot,{'weight': 2}
asparagus,marjoram,{'weight': 1}
asparagus,beet,{'weight': 2}
asparagus,macaroni,{'weight': 2}
asparagus,soy_sauce,{'weight': 1}
asparagus,corn_flake,{'weight': 2}
asparagus,sesame_oil,{'weight': 2}
asparagus,yam,{'weight': 1}
asparagus,cilantro,{'weight': 2}
asparagus,garlic,{'weight': 2}
asparagus,whole_grain_wheat_flour,{'weight': 2}
asparagus,lemongrass,{'weight': 1}
marjoram,veal,{'weight': 2}
marjoram,watermelon,{'weight': 2}
marjoram,garlic,{'weight': 1}
marjoram,lemon_peel,{'weight': 1}
marjoram,cabbage,{'weight': 1}
marjoram,pimento,{'weight': 2}
marjoram,buttermilk,{'weight': 1}
marjoram,vinegar,{'weight': 1}
marjoram,cucumber,{'weight': 1}
marjoram,radish,{'weight': 2}
marjoram,smoked_sausage,{'weight': 2}
marjoram,ham,{'weight': 2}
marjoram,broccoli,{'weight': 1}
marjoram,japanese_plum,{'weight': 1}
marjoram,egg,{'weight': 2}
marjoram,star_anise,{'weight': 2}
marjoram,palm,{'weight': 1}
marjoram,cream,{'weight': 1}
marjoram,lettuce,{'weight': 1}
marjoram,walnut,{'weight': 1}
marjoram,anise,{'weight': 2}
marjoram,hazelnut,{'weight': 1}
marjoram,pumpkin,{'weight': 2}
marjoram,pistachio,{'weight': 1}
marjoram,mustard,{'weight': 2}
marjoram,nut,{'weight': 1}
marjoram,oyster,{'weight': 1}
marjoram,chive,{'weight': 1}
marjoram,turkey,{'weight': 2}
marjoram,truffle,{'weight': 2}
marjoram,cilantro,{'weight': 1}
marjoram,sauerkraut,{'weight': 2}
scallion,roasted_peanut,{'weight': 1}
scallion,cabbage,{'weight': 1}
scallion,garlic,{'weight': 1}
scallion,roasted_beef,{'weight': 1}
scallion,shallot,{'weight': 2}
scallion,peanut_butter,{'weight': 1}
scallion,cocoa,{'weight': 1}
citrus,lemon_peel,{'weight': 1}
citrus,shallot,{'weight': 1}
citrus,japanese_plum,{'weight': 1}
citrus,pumpkin,{'weight': 1}
citrus,buttermilk,{'weight': 2}
citrus,beef_broth,{'weight': 1}
citrus,chive,{'weight': 1}
citrus,olive_oil,{'weight': 2}
citrus,sesame_oil,{'weight': 1}
citrus,truffle,{'weight': 1}
citrus,violet,{'weight': 1}
citrus,brandy,{'weight': 2}
citrus,sake,{'weight': 2}
citrus,fenugreek,{'weight': 1}
citrus,yam,{'weight': 1}
citrus,roasted_sesame_seed,{'weight': 1}
citrus,garlic,{'weight': 1}
citrus,sesame_seed,{'weight': 1}
citrus,vegetable_oil,{'weight': 1}
cider,cassava,{'weight': 2}
cider,soy_sauce,{'weight': 1}
cider,broccoli,{'weight': 2}
cider,violet,{'weight': 1}
cider,lettuce,{'weight': 2}
cider,pimento,{'weight': 2}
cider,olive_oil,{'weight': 2}
cider,parsley,{'weight': 2}
cider,sesame_oil,{'weight': 1}
cider,garlic,{'weight': 1}
cider,palm,{'weight': 1}
cider,grape_juice,{'weight': 1}
cider,pumpkin,{'weight': 1}
cider,anise,{'weight': 1}
cider,cilantro,{'weight': 2}
cider,vegetable_oil,{'weight': 1}
cider,buttermilk,{'weight': 2}
cider,beef_broth,{'weight': 1}
mozzarella_cheese,lettuce,{'weight': 1}
mozzarella_cheese,turmeric,{'weight': 2}
mozzarella_cheese,chinese_cabbage,{'weight': 2}
mozzarella_cheese,vegetable_oil,{'weight': 1}
mozzarella_cheese,pimento,{'weight': 1}
mozzarella_cheese,anise,{'weight': 1}
mozzarella_cheese,almond,{'weight': 2}
mozzarella_cheese,corn_flake,{'weight': 1}
mozzarella_cheese,japanese_plum,{'weight': 1}
mozzarella_cheese,soy_sauce,{'weight': 1}
mozzarella_cheese,yam,{'weight': 1}
mozzarella_cheese,lemon_peel,{'weight': 1}
mozzarella_cheese,seed,{'weight': 1}
mozzarella_cheese,fennel,{'weight': 1}
mozzarella_cheese,violet,{'weight': 1}
mozzarella_cheese,olive_oil,{'weight': 2}
mozzarella_cheese,beet,{'weight': 1}
mozzarella_cheese,lime_juice,{'weight': 1}
mozzarella_cheese,watermelon,{'weight': 1}
mozzarella_cheese,milk_fat,{'weight': 1}
mozzarella_cheese,basil,{'weight': 2}
mozzarella_cheese,whole_grain_wheat_flour,{'weight': 1}
mozzarella_cheese,macaroni,{'weight': 1}
mozzarella_cheese,sage,{'weight': 2}
mozzarella_cheese,sesame_oil,{'weight': 1}
mozzarella_cheese,grape_juice,{'weight': 1}
mozzarella_cheese,wheat,{'weight': 1}
mozzarella_cheese,beef_broth,{'weight': 1}
seed,watermelon,{'weight': 2}
seed,fenugreek,{'weight': 1}
seed,currant,{'weight': 2}
seed,matsutake,{'weight': 1}
seed,pineapple,{'weight': 1}
seed,romano_cheese,{'weight': 2}
seed,cottage_cheese,{'weight': 1}
seed,shiitake,{'weight': 1}
seed,sake,{'weight': 2}
seed,fig,{'weight': 2}
seed,cucumber,{'weight': 1}
seed,peanut_oil,{'weight': 1}
seed,cherry,{'weight': 2}
seed,star_anise,{'weight': 1}
seed,avocado,{'weight': 2}
seed,lime_juice,{'weight': 1}
seed,cilantro,{'weight': 1}
seed,bacon,{'weight': 1}
seed,roasted_peanut,{'weight': 1}
seed,palm,{'weight': 1}
seed,lemongrass,{'weight': 1}
seed,bread,{'weight': 1}
seed,orange_juice,{'weight': 1}
seed,coconut,{'weight': 1}
seed,roasted_beef,{'weight': 1}
seed,white_bread,{'weight': 1}
seed,cheese,{'weight': 1}
seed,peanut,{'weight': 1}
seed,peanut_butter,{'weight': 1}
seed,root,{'weight': 1}
seed,parmesan_cheese,{'weight': 2}
seed,pear,{'weight': 2}
seed,shrimp,{'weight': 1}
seed,yeast,{'weight': 1}
seed,mushroom,{'weight': 1}
seed,olive,{'weight': 2}
seed,blue_cheese,{'weight': 1}
seed,cheddar_cheese,{'weight': 1}
seed,pork_sausage,{'weight': 1}
seed,oregano,{'weight': 1}
seed,cream_cheese,{'weight': 1}
sake,grape_juice,{'weight': 1}
sake,sesame_seed,{'weight': 2}
sake,carrot,{'weight': 2}
sake,tangerine,{'weight': 2}
sake,broccoli,{'weight': 1}
sake,parsley,{'weight': 2}
sake,shallot,{'weight': 2}
sake,coriander,{'weight': 1}
sake,cucumber,{'weight': 1}
sake,mustard,{'weight': 1}
sake,truffle,{'weight': 2}
sake,mint,{'weight': 1}
sake,chicory,{'weight': 1}
sake,bitter_orange,{'weight': 1}
sake,garlic,{'weight': 2}
sake,roasted_sesame_seed,{'weight': 2}
sake,palm,{'weight': 1}
sake,lemongrass,{'weight': 2}
sake,maple_syrup,{'weight': 1}
grape_juice,bread,{'weight': 1}
grape_juice,red_wine,{'weight': 1}
grape_juice,pecan,{'weight': 1}
grape_juice,papaya,{'weight': 1}
grape_juice,sherry,{'weight': 1}
grape_juice,cottage_cheese,{'weight': 1}
grape_juice,parmesan_cheese,{'weight': 1}
grape_juice,cherry,{'weight': 1}
grape_juice,salmon,{'weight': 1}
grape_juice,roasted_sesame_seed,{'weight': 1}
grape_juice,roasted_beef,{'weight': 1}
grape_juice,shiitake,{'weight': 1}
grape_juice,orange_juice,{'weight': 1}
grape_juice,butter,{'weight': 1}
grape_juice,cassava,{'weight': 1}
grape_juice,matsutake,{'weight': 1}
grape_juice,currant,{'weight': 1}
grape_juice,cocoa,{'weight': 1}
grape_juice,peanut_butter,{'weight': 1}
grape_juice,sesame_seed,{'weight': 1}
grape_juice,onion,{'weight': 1}
grape_juice,mushroom,{'weight': 1}
grape_juice,vanilla,{'weight': 1}
grape_juice,cream_cheese,{'weight': 1}
grape_juice,romano_cheese,{'weight': 1}
grape_juice,roasted_peanut,{'weight': 1}
grape_juice,cheese,{'weight': 1}
grape_juice,beef_broth,{'weight': 1}
grape_juice,vinegar,{'weight': 1}
grape_juice,fish,{'weight': 1}
grape_juice,banana,{'weight': 1}
grape_juice,raspberry,{'weight': 1}
grape_juice,pineapple,{'weight': 1}
grape_juice,blue_cheese,{'weight': 1}
grape_juice,cheddar_cheese,{'weight': 1}
grape_juice,honey,{'weight': 1}
grape_juice,white_bread,{'weight': 1}
grape_juice,oyster,{'weight': 1}
grape_juice,cream,{'weight': 1}
grape_juice,coconut,{'weight': 1}
grape_juice,white_wine,{'weight': 1}
grape_juice,sauerkraut,{'weight': 1}
grape_juice,wine,{'weight': 1}
grape_juice,rum,{'weight': 1}
grape_juice,orange,{'weight': 1}
pistachio,currant,{'weight': 1}
pistachio,sesame_oil,{'weight': 1}
pistachio,garlic,{'weight': 1}
pistachio,cumin,{'weight': 1}
pistachio,radish,{'weight': 2}
pistachio,pecan,{'weight': 2}
pistachio,onion,{'weight': 1}
pistachio,roasted_sesame_seed,{'weight': 2}
pistachio,pepper,{'weight': 1}
pistachio,orange_juice,{'weight': 2}
pistachio,broccoli,{'weight': 1}
pistachio,black_pepper,{'weight': 1}
pistachio,carrot,{'weight': 2}
pistachio,green_bell_pepper,{'weight': 1}
pistachio,star_anise,{'weight': 1}
pistachio,sesame_seed,{'weight': 2}
pistachio,chickpea,{'weight': 1}
pistachio,sauerkraut,{'weight': 1}
pistachio,fenugreek,{'weight': 1}
pistachio,cauliflower,{'weight': 1}
pistachio,cucumber,{'weight': 1}
pistachio,cayenne,{'weight': 1}
pistachio,violet,{'weight': 1}
pistachio,fennel,{'weight': 1}
pistachio,lettuce,{'weight': 1}
pistachio,peanut_oil,{'weight': 1}
pistachio,turmeric,{'weight': 1}
pistachio,parsley,{'weight': 1}
pistachio,cabbage,{'weight': 2}
pistachio,nutmeg,{'weight': 1}
pistachio,vinegar,{'weight': 1}
pistachio,anise,{'weight': 1}
pistachio,tabasco_pepper,{'weight': 1}
pistachio,cilantro,{'weight': 1}
pistachio,celery,{'weight': 2}
zucchini,roasted_beef,{'weight': 1}
zucchini,red_wine,{'weight': 1}
zucchini,white_wine,{'weight': 1}
zucchini,sherry,{'weight': 1}
zucchini,wine,{'weight': 1}
yam,orange_juice,{'weight': 1}
yam,shiitake,{'weight': 1}
yam,white_wine,{'weight': 1}
yam,matsutake,{'weight': 1}
yam,cream,{'weight': 1}
yam,parmesan_cheese,{'weight': 1}
yam,vinegar,{'weight': 1}
yam,peanut_oil,{'weight': 1}
yam,mushroom,{'weight': 1}
yam,peanut_butter,{'weight': 1}
yam,shrimp,{'weight': 1}
yam,cream_cheese,{'weight': 1}
yam,apricot,{'weight': 1}
yam,roasted_beef,{'weight': 1}
yam,cocoa,{'weight': 1}
yam,buttermilk,{'weight': 1}
yam,kidney_bean,{'weight': 1}
yam,roasted_peanut,{'weight': 1}
yam,mango,{'weight': 1}
yam,bacon,{'weight': 1}
yam,strawberry,{'weight': 1}
yam,pork_sausage,{'weight': 1}
yam,bread,{'weight': 1}
yam,bean,{'weight': 1}
yam,papaya,{'weight': 1}
yam,blue_cheese,{'weight': 1}
yam,orange,{'weight': 1}
yam,carrot,{'weight': 1}
yam,celery,{'weight': 1}
yam,cottage_cheese,{'weight': 1}
yam,peanut,{'weight': 1}
yam,rum,{'weight': 1}
yam,cheddar_cheese,{'weight': 1}
yam,honey,{'weight': 1}
yam,butter,{'weight': 1}
yam,romano_cheese,{'weight': 1}
yam,lime,{'weight': 1}
yam,pear,{'weight': 1}
yam,tangerine,{'weight': 1}
yam,egg,{'weight': 1}
yam,cheese,{'weight': 1}
yam,pineapple,{'weight': 1}
yam,banana,{'weight': 1}
yam,lemon,{'weight': 1}
yam,white_bread,{'weight': 1}
coriander,palm,{'weight': 1}
coriander,pumpkin,{'weight': 1}
coriander,vinegar,{'weight': 1}
coriander,watermelon,{'weight': 2}
coriander,truffle,{'weight': 2}
coriander,almond,{'weight': 1}
coriander,sauerkraut,{'weight': 2}
coriander,lard,{'weight': 1}
coriander,garlic,{'weight': 2}
coriander,lettuce,{'weight': 1}
coriander,cassava,{'weight': 1}
coriander,japanese_plum,{'weight': 1}
coriander,radish,{'weight': 1}
coriander,violet,{'weight': 1}
coriander,onion,{'weight': 1}
coriander,fenugreek,{'weight': 2}
coriander,broccoli,{'weight': 2}
coriander,orange_juice,{'weight': 2}
coriander,oyster,{'weight': 2}
coriander,sesame_oil,{'weight': 2}
sauerkraut,violet,{'weight': 1}
sauerkraut,chinese_cabbage,{'weight': 1}
sauerkraut,beef_broth,{'weight': 1}
sauerkraut,roasted_sesame_seed,{'weight': 2}
sauerkraut,cucumber,{'weight': 2}
sauerkraut,sesame_oil,{'weight': 1}
sauerkraut,peanut_oil,{'weight': 2}
sauerkraut,truffle,{'weight': 2}
sauerkraut,buttermilk,{'weight': 1}
sauerkraut,parsley,{'weight': 2}
sauerkraut,walnut,{'weight': 1}
sauerkraut,shallot,{'weight': 1}
sauerkraut,honey,{'weight': 2}
sauerkraut,bitter_orange,{'weight': 1}
sauerkraut,basil,{'weight': 1}
sauerkraut,lettuce,{'weight': 2}
sauerkraut,broccoli,{'weight': 1}
sauerkraut,sesame_seed,{'weight': 2}
sauerkraut,nut,{'weight': 1}
sauerkraut,palm,{'weight': 1}
sauerkraut,pumpkin,{'weight': 1}
sauerkraut,mint,{'weight': 2}
sauerkraut,nutmeg,{'weight': 1}
sauerkraut,hazelnut,{'weight': 1}
sauerkraut,carrot,{'weight': 1}
sauerkraut,lemongrass,{'weight': 1}
sauerkraut,cassava,{'weight': 2}
honey,watermelon,{'weight': 1}
honey,fennel,{'weight': 2}
honey,pimento,{'weight': 1}
honey,bitter_orange,{'weight': 2}
honey,cucumber,{'weight': 1}
honey,beef_broth,{'weight': 1}
honey,turmeric,{'weight': 1}
honey,lime_juice,{'weight': 1}
honey,almond,{'weight': 1}
honey,cumin,{'weight': 1}
honey,garlic,{'weight': 1}
honey,lemon_peel,{'weight': 1}
honey,peanut_oil,{'weight': 2}
honey,vegetable_oil,{'weight': 1}
honey,basil,{'weight': 2}
honey,fenugreek,{'weight': 1}
honey,radish,{'weight': 2}
honey,olive_oil,{'weight': 2}
honey,anise,{'weight': 2}
honey,star_anise,{'weight': 2}
honey,japanese_plum,{'weight': 1}
honey,broccoli,{'weight': 2}
honey,buttermilk,{'weight': 1}
honey,sage,{'weight': 1}
honey,cassava,{'weight': 2}
honey,pumpkin,{'weight': 2}
yeast,peanut,{'weight': 1}
yeast,roasted_peanut,{'weight': 1}
yeast,cocoa,{'weight': 1}
yeast,root,{'weight': 1}
yeast,peanut_butter,{'weight': 1}
oyster,green_bell_pepper,{'weight': 1}
oyster,chive,{'weight': 2}
oyster,parsley,{'weight': 2}
oyster,cassava,{'weight': 1}
oyster,japanese_plum,{'weight': 1}
oyster,cayenne,{'weight': 1}
oyster,brandy,{'weight': 2}
oyster,nut,{'weight': 2}
oyster,tabasco_pepper,{'weight': 1}
oyster,lemongrass,{'weight': 1}
oyster,buttermilk,{'weight': 2}
oyster,black_pepper,{'weight': 1}
oyster,peanut_oil,{'weight': 2}
oyster,beef_broth,{'weight': 1}
oyster,chickpea,{'weight': 1}
oyster,hazelnut,{'weight': 2}
oyster,pepper,{'weight': 1}
cabbage,cilantro,{'weight': 1}
cabbage,beef_broth,{'weight': 1}
cabbage,currant,{'weight': 2}
cabbage,fennel,{'weight': 1}
cabbage,sesame_seed,{'weight': 1}
cabbage,wheat,{'weight': 1}
cabbage,bitter_orange,{'weight': 2}
cabbage,fenugreek,{'weight': 1}
cabbage,violet,{'weight': 1}
cabbage,chinese_cabbage,{'weight': 1}
cabbage,nut,{'weight': 2}
cabbage,roasted_sesame_seed,{'weight': 1}
cabbage,cassava,{'weight': 2}
cabbage,hazelnut,{'weight': 2}
cabbage,vanilla,{'weight': 2}
cabbage,lemon_peel,{'weight': 2}
cabbage,pumpkin,{'weight': 2}
cabbage,sesame_oil,{'weight': 2}
cabbage,soy_sauce,{'weight': 1}
cabbage,buttermilk,{'weight': 2}
cabbage,olive_oil,{'weight': 1}
sherry,soy_sauce,{'weight': 2}
sherry,milk_fat,{'weight': 1}
sherry,cane_molasses,{'weight': 2}
sherry,lime_juice,{'weight': 1}
sherry,turmeric,{'weight': 1}
sherry,maple_syrup,{'weight': 2}
sherry,sage,{'weight': 2}
sherry,sesame_oil,{'weight': 1}
sherry,star_anise,{'weight': 2}
sherry,violet,{'weight': 1}
sherry,olive_oil,{'weight': 2}
sherry,japanese_plum,{'weight': 2}
sherry,fennel,{'weight': 1}
sherry,basil,{'weight': 1}
sherry,cumin,{'weight': 1}
sherry,watermelon,{'weight': 1}
sherry,almond,{'weight': 2}
sherry,palm,{'weight': 1}
sherry,pimento,{'weight': 2}
sherry,beef_broth,{'weight': 2}
sherry,vegetable_oil,{'weight': 1}
orange,beef_broth,{'weight': 2}
orange,chive,{'weight': 2}
orange,cassava,{'weight': 2}
orange,japanese_plum,{'weight': 2}
orange,sesame_oil,{'weight': 1}
orange,olive_oil,{'weight': 2}
orange,garlic,{'weight': 2}
orange,wheat,{'weight': 1}
orange,chicken_broth,{'weight': 1}
orange,violet,{'weight': 1}
orange,vegetable_oil,{'weight': 1}
orange,pumpkin,{'weight': 2}
orange,almond,{'weight': 1}
egg,chive,{'weight': 2}
egg,beef_broth,{'weight': 1}
egg,almond,{'weight': 2}
egg,fenugreek,{'weight': 1}
egg,sesame_oil,{'weight': 1}
egg,cherry,{'weight': 2}
egg,lemon_peel,{'weight': 1}
egg,lime_juice,{'weight': 1}
egg,radish,{'weight': 2}
egg,fennel,{'weight': 1}
egg,lemongrass,{'weight': 2}
egg,nutmeg,{'weight': 1}
egg,palm,{'weight': 1}
egg,cane_molasses,{'weight': 1}
egg,brandy,{'weight': 1}
whole_grain_wheat_flour,bread,{'weight': 1}
whole_grain_wheat_flour,ham,{'weight': 2}
whole_grain_wheat_flour,peanut_butter,{'weight': 2}
whole_grain_wheat_flour,peanut,{'weight': 2}
whole_grain_wheat_flour,cream,{'weight': 1}
whole_grain_wheat_flour,cheese,{'weight': 1}
whole_grain_wheat_flour,beet,{'weight': 2}
whole_grain_wheat_flour,roasted_peanut,{'weight': 2}
whole_grain_wheat_flour,almond,{'weight': 2}
whole_grain_wheat_flour,romano_cheese,{'weight': 1}
radish,parsley,{'weight': 2}
radish,pumpkin,{'weight': 2}
radish,cream,{'weight': 1}
radish,shallot,{'weight': 2}
radish,chive,{'weight': 1}
radish,mint,{'weight': 2}
radish,cilantro,{'weight': 1}
radish,garlic,{'weight': 2}
radish,orange_juice,{'weight': 1}
radish,currant,{'weight': 1}
radish,fenugreek,{'weight': 1}
radish,nutmeg,{'weight': 1}
radish,lemongrass,{'weight': 1}
radish,walnut,{'weight': 2}
radish,hazelnut,{'weight': 2}
radish,truffle,{'weight': 2}
radish,carrot,{'weight': 1}
radish,vinegar,{'weight': 2}
radish,palm,{'weight': 1}
radish,cherry,{'weight': 2}
radish,roasted_sesame_seed,{'weight': 1}
radish,lettuce,{'weight': 2}
radish,onion,{'weight': 2}
radish,sesame_seed,{'weight': 1}
radish,nut,{'weight': 2}
palm,potato,{'weight': 1}
palm,apricot,{'weight': 1}
palm,shallot,{'weight': 1}
palm,fish,{'weight': 2}
palm,brandy,{'weight': 1}
palm,white_wine,{'weight': 1}
palm,strawberry,{'weight': 2}
palm,cucumber,{'weight': 1}
palm,banana,{'weight': 2}
palm,pork_sausage,{'weight': 2}
palm,ginger,{'weight': 2}
palm,turkey,{'weight': 1}
palm,pineapple,{'weight': 1}
palm,lime,{'weight': 1}
palm,ham,{'weight': 1}
palm,peanut_butter,{'weight': 2}
palm,onion,{'weight': 1}
palm,chive,{'weight': 1}
palm,vanilla,{'weight': 1}
palm,raisin,{'weight': 1}
palm,smoked_sausage,{'weight': 1}
palm,peanut,{'weight': 2}
palm,lemon,{'weight': 2}
palm,red_wine,{'weight': 1}
palm,peanut_oil,{'weight': 2}
palm,cranberry,{'weight': 2}
palm,shiitake,{'weight': 2}
palm,cream,{'weight': 1}
palm,melon,{'weight': 1}
palm,shrimp,{'weight': 2}
palm,papaya,{'weight': 2}
palm,wine,{'weight': 1}
palm,pecan,{'weight': 1}
palm,mushroom,{'weight': 2}
palm,roasted_peanut,{'weight': 2}
palm,clam,{'weight': 1}
palm,cocoa,{'weight': 2}
palm,bacon,{'weight': 2}
palm,matsutake,{'weight': 2}
palm,sesame_seed,{'weight': 1}
palm,salmon,{'weight': 2}
palm,white_bread,{'weight': 2}
palm,lemongrass,{'weight': 1}
palm,bread,{'weight': 2}
palm,fig,{'weight': 1}
palm,veal,{'weight': 1}
palm,bean,{'weight': 2}
palm,kidney_bean,{'weight': 2}
palm,roasted_sesame_seed,{'weight': 1}
parsley,chive,{'weight': 2}
parsley,garlic,{'weight': 2}
parsley,mustard,{'weight': 2}
parsley,watermelon,{'weight': 2}
parsley,brandy,{'weight': 1}
parsley,lemongrass,{'weight': 1}
parsley,truffle,{'weight': 1}
parsley,fenugreek,{'weight': 1}
parsley,lime_juice,{'weight': 1}
parsley,shallot,{'weight': 2}
parsley,lettuce,{'weight': 2}
parsley,buttermilk,{'weight': 1}
parsley,cucumber,{'weight': 2}
parsley,nut,{'weight': 1}
parsley,walnut,{'weight': 2}
parsley,basil,{'weight': 1}
parsley,lemon_peel,{'weight': 2}
parsley,orange_juice,{'weight': 1}
parsley,pumpkin,{'weight': 2}
parsley,sesame_oil,{'weight': 1}
parsley,cassava,{'weight': 2}
parsley,hazelnut,{'weight': 1}
parsley,coconut,{'weight': 1}
parsley,vinegar,{'weight': 2}
star_anise,strawberry,{'weight': 2}
star_anise,rum,{'weight': 1}
star_anise,shiitake,{'weight': 2}
star_anise,roasted_peanut,{'weight': 1}
star_anise,pecan,{'weight': 1}
star_anise,celery,{'weight': 2}
star_anise,pineapple,{'weight': 1}
star_anise,cherry,{'weight': 1}
star_anise,potato,{'weight': 1}
star_anise,hazelnut,{'weight': 1}
star_anise,melon,{'weight': 1}
star_anise,parmesan_cheese,{'weight': 1}
star_anise,butter,{'weight': 1}
star_anise,nut,{'weight': 1}
star_anise,roasted_beef,{'weight': 2}
star_anise,bean,{'weight': 1}
star_anise,peanut,{'weight': 1}
star_anise,red_wine,{'weight': 1}
star_anise,white_wine,{'weight': 2}
star_anise,walnut,{'weight': 1}
star_anise,pear,{'weight': 1}
star_anise,peanut_butter,{'weight': 1}
star_anise,bitter_orange,{'weight': 1}
star_anise,raisin,{'weight': 1}
star_anise,avocado,{'weight': 1}
star_anise,orange_juice,{'weight': 1}
star_anise,matsutake,{'weight': 2}
star_anise,cocoa,{'weight': 1}
star_anise,wine,{'weight': 1}
star_anise,mustard,{'weight': 1}
star_anise,cranberry,{'weight': 2}
star_anise,raspberry,{'weight': 2}
star_anise,mango,{'weight': 2}
star_anise,apricot,{'weight': 2}
star_anise,mushroom,{'weight': 2}
star_anise,kidney_bean,{'weight': 1}
anise,mustard,{'weight': 1}
anise,bacon,{'weight': 2}
anise,cream,{'weight': 2}
anise,kidney_bean,{'weight': 2}
anise,sage,{'weight': 2}
anise,cheese,{'weight': 1}
anise,papaya,{'weight': 2}
anise,clam,{'weight': 1}
anise,bean,{'weight': 2}
anise,bitter_orange,{'weight': 1}
anise,hazelnut,{'weight': 1}
anise,peanut_butter,{'weight': 1}
anise,blue_cheese,{'weight': 2}
anise,parmesan_cheese,{'weight': 2}
anise,cottage_cheese,{'weight': 1}
anise,currant,{'weight': 1}
anise,cocoa,{'weight': 2}
anise,lemongrass,{'weight': 1}
anise,cheddar_cheese,{'weight': 2}
anise,nut,{'weight': 1}
anise,pineapple,{'weight': 2}
anise,pecan,{'weight': 1}
anise,melon,{'weight': 1}
anise,avocado,{'weight': 1}
anise,roasted_peanut,{'weight': 1}
anise,pork_sausage,{'weight': 2}
anise,walnut,{'weight': 1}
anise,peanut,{'weight': 1}
anise,pear,{'weight': 1}
anise,orange_juice,{'weight': 2}
anise,cream_cheese,{'weight': 1}
anise,salmon,{'weight': 1}
anise,raisin,{'weight': 1}
anise,butter,{'weight': 2}
anise,romano_cheese,{'weight': 1}
anise,lemon_peel,{'weight': 1}
pecan,japanese_plum,{'weight': 1}
pecan,almond,{'weight': 2}
pecan,hazelnut,{'weight': 2}
pecan,lard,{'weight': 1}
pecan,lettuce,{'weight': 2}
pecan,nut,{'weight': 2}
pecan,sesame_oil,{'weight': 2}
pecan,shallot,{'weight': 1}
pecan,beef_broth,{'weight': 1}
pecan,lemon_peel,{'weight': 1}
pecan,lime_juice,{'weight': 1}
pecan,violet,{'weight': 1}
pecan,watermelon,{'weight': 2}
pecan,buttermilk,{'weight': 1}
pecan,chive,{'weight': 1}
pecan,pimento,{'weight': 1}
watermelon,cottage_cheese,{'weight': 1}
watermelon,cream,{'weight': 1}
watermelon,cocoa,{'weight': 1}
watermelon,blue_cheese,{'weight': 2}
watermelon,rum,{'weight': 2}
watermelon,parmesan_cheese,{'weight': 2}
watermelon,mint,{'weight': 2}
watermelon,wine,{'weight': 1}
watermelon,green_bell_pepper,{'weight': 2}
watermelon,carrot,{'weight': 2}
watermelon,butter,{'weight': 1}
watermelon,cheese,{'weight': 1}
watermelon,cheddar_cheese,{'weight': 1}
watermelon,romano_cheese,{'weight': 1}
watermelon,fennel,{'weight': 1}
watermelon,sage,{'weight': 2}
watermelon,black_pepper,{'weight': 2}
watermelon,bean,{'weight': 2}
watermelon,cream_cheese,{'weight': 1}
watermelon,nutmeg,{'weight': 2}
watermelon,cayenne,{'weight': 2}
watermelon,turmeric,{'weight': 2}
watermelon,orange_juice,{'weight': 1}
watermelon,red_wine,{'weight': 2}
watermelon,tabasco_pepper,{'weight': 2}
watermelon,ginger,{'weight': 2}
watermelon,cumin,{'weight': 2}
watermelon,kidney_bean,{'weight': 2}
watermelon,pepper,{'weight': 2}
green_bell_pepper,bay,{'weight': 1}
green_bell_pepper,ham,{'weight': 1}
green_bell_pepper,bacon,{'weight': 1}
green_bell_pepper,hazelnut,{'weight': 1}
green_bell_pepper,mustard,{'weight': 1}
green_bell_pepper,lemongrass,{'weight': 2}
green_bell_pepper,fig,{'weight': 2}
green_bell_pepper,lime_juice,{'weight': 1}
green_bell_pepper,nut,{'weight': 1}
green_bell_pepper,white_bread,{'weight': 1}
green_bell_pepper,salmon,{'weight': 2}
green_bell_pepper,garlic,{'weight': 1}
green_bell_pepper,brandy,{'weight': 1}
green_bell_pepper,pimenta,{'weight': 1}
green_bell_pepper,bread,{'weight': 1}
green_bell_pepper,coconut,{'weight': 1}
green_bell_pepper,smoked_sausage,{'weight': 1}
green_bell_pepper,cream,{'weight': 1}
green_bell_pepper,raisin,{'weight': 2}
green_bell_pepper,vinegar,{'weight': 1}
green_bell_pepper,clam,{'weight': 2}
green_bell_pepper,peanut_oil,{'weight': 1}
green_bell_pepper,veal,{'weight': 1}
green_bell_pepper,pork_sausage,{'weight': 1}
green_bell_pepper,lettuce,{'weight': 1}
green_bell_pepper,cauliflower,{'weight': 1}
green_bell_pepper,fish,{'weight': 1}
green_bell_pepper,walnut,{'weight': 1}
green_bell_pepper,turkey,{'weight': 1}
green_bell_pepper,broccoli,{'weight': 1}
cranberry,violet,{'weight': 1}
cranberry,buttermilk,{'weight': 2}
cranberry,wheat,{'weight': 1}
cranberry,sesame_oil,{'weight': 2}
cranberry,olive_oil,{'weight': 2}
cranberry,almond,{'weight': 2}
cranberry,milk_fat,{'weight': 1}
cranberry,chicken_broth,{'weight': 1}
cranberry,cassava,{'weight': 2}
cranberry,lard,{'weight': 1}
cranberry,vegetable_oil,{'weight': 1}
oregano,celery,{'weight': 1}
currant,roasted_sesame_seed,{'weight': 2}
currant,mustard,{'weight': 2}
currant,broccoli,{'weight': 2}
currant,basil,{'weight': 1}
currant,buttermilk,{'weight': 2}
currant,turmeric,{'weight': 2}
currant,hazelnut,{'weight': 1}
currant,brandy,{'weight': 2}
currant,japanese_plum,{'weight': 2}
currant,peanut_oil,{'weight': 2}
currant,sesame_oil,{'weight': 1}
currant,garlic,{'weight': 2}
currant,sage,{'weight': 2}
currant,beef_broth,{'weight': 1}
currant,fenugreek,{'weight': 1}
currant,cassava,{'weight': 2}
currant,lemon_peel,{'weight': 1}
currant,pumpkin,{'weight': 1}
currant,fennel,{'weight': 2}
currant,cilantro,{'weight': 2}
currant,nut,{'weight': 1}
currant,pimento,{'weight': 2}
currant,walnut,{'weight': 2}
currant,sesame_seed,{'weight': 2}
currant,milk_fat,{'weight': 1}
fenugreek,lime,{'weight': 1}
fenugreek,brandy,{'weight': 1}
fenugreek,roasted_sesame_seed,{'weight': 1}
fenugreek,mint,{'weight': 1}
fenugreek,olive,{'weight': 1}
fenugreek,tangerine,{'weight': 2}
fenugreek,cherry,{'weight': 1}
fenugreek,nutmeg,{'weight': 1}
fenugreek,cumin,{'weight': 1}
fenugreek,truffle,{'weight': 2}
fenugreek,lemon_peel,{'weight': 1}
fenugreek,clam,{'weight': 2}
fenugreek,lettuce,{'weight': 1}
fenugreek,garlic,{'weight': 1}
fenugreek,onion,{'weight': 2}
fenugreek,chive,{'weight': 1}
fenugreek,sesame_oil,{'weight': 1}
fenugreek,walnut,{'weight': 1}
fenugreek,nut,{'weight': 1}
fenugreek,bitter_orange,{'weight': 1}
fenugreek,pear,{'weight': 2}
fenugreek,sesame_seed,{'weight': 1}
fenugreek,orange_juice,{'weight': 1}
fenugreek,cream,{'weight': 1}
fenugreek,lemon,{'weight': 2}
fenugreek,carrot,{'weight': 1}
fenugreek,hazelnut,{'weight': 1}
fenugreek,violet,{'weight': 1}
fenugreek,mustard,{'weight': 1}
fenugreek,beef_broth,{'weight': 1}
bean,lemon_peel,{'weight': 2}
bean,chinese_cabbage,{'weight': 2}
bean,lime_juice,{'weight': 1}
bean,basil,{'weight': 2}
bean,shallot,{'weight': 2}
bean,japanese_plum,{'weight': 2}
bean,violet,{'weight': 1}
bean,lentil,{'weight': 1}
bean,fennel,{'weight': 2}
bean,sesame_oil,{'weight': 1}
bean,sage,{'weight': 2}
bean,chicken_broth,{'weight': 1}
bean,cassava,{'weight': 2}
bean,chicory,{'weight': 1}
raspberry,sesame_oil,{'weight': 2}
raspberry,violet,{'weight': 1}
raspberry,soy_sauce,{'weight': 2}
raspberry,olive_oil,{'weight': 1}
raspberry,milk_fat,{'weight': 2}
raspberry,almond,{'weight': 2}
raspberry,lime_juice,{'weight': 1}
raspberry,beef_broth,{'weight': 2}
raspberry,buttermilk,{'weight': 2}
raspberry,beet,{'weight': 1}
raspberry,chive,{'weight': 2}
mustard,brandy,{'weight': 2}
mustard,lemongrass,{'weight': 2}
mustard,cassava,{'weight': 1}
mustard,roasted_sesame_seed,{'weight': 1}
mustard,sesame_oil,{'weight': 1}
mustard,cayenne,{'weight': 1}
mustard,maple_syrup,{'weight': 1}
mustard,black_pepper,{'weight': 1}
mustard,cucumber,{'weight': 2}
mustard,japanese_plum,{'weight': 2}
mustard,sage,{'weight': 1}
mustard,pepper,{'weight': 1}
mustard,cumin,{'weight': 1}
mustard,violet,{'weight': 1}
mustard,peanut_oil,{'weight': 1}
mustard,nutmeg,{'weight': 2}
mustard,lettuce,{'weight': 2}
mustard,chive,{'weight': 1}
mustard,tabasco_pepper,{'weight': 1}
mustard,carrot,{'weight': 2}
mustard,pimento,{'weight': 2}
mustard,chinese_cabbage,{'weight': 1}
mustard,sesame_seed,{'weight': 1}
mustard,fennel,{'weight': 2}
lemon_peel,carrot,{'weight': 2}
lemon_peel,papaya,{'weight': 1}
lemon_peel,blue_cheese,{'weight': 1}
lemon_peel,cheddar_cheese,{'weight': 2}
lemon_peel,potato,{'weight': 1}
lemon_peel,pork_sausage,{'weight': 2}
lemon_peel,peanut,{'weight': 2}
lemon_peel,turkey,{'weight': 2}
lemon_peel,lime_juice,{'weight': 1}
lemon_peel,ham,{'weight': 2}
lemon_peel,coconut,{'weight': 1}
lemon_peel,cheese,{'weight': 1}
lemon_peel,chive,{'weight': 1}
lemon_peel,sesame_seed,{'weight': 1}
lemon_peel,pimento,{'weight': 1}
lemon_peel,avocado,{'weight': 2}
lemon_peel,melon,{'weight': 2}
lemon_peel,celery,{'weight': 2}
lemon_peel,cumin,{'weight': 1}
lemon_peel,brandy,{'weight': 1}
lemon_peel,almond,{'weight': 1}
lemon_peel,tangerine,{'weight': 2}
lemon_peel,olive,{'weight': 1}
lemon_peel,cream,{'weight': 1}
lemon_peel,kidney_bean,{'weight': 2}
lemon_peel,romano_cheese,{'weight': 1}
lemon_peel,roasted_peanut,{'weight': 2}
lemon_peel,onion,{'weight': 2}
lemon_peel,raisin,{'weight': 1}
lemon_peel,roasted_sesame_seed,{'weight': 1}
lemon_peel,veal,{'weight': 2}
lemon_peel,cilantro,{'weight': 1}
lemon_peel,salmon,{'weight': 1}
lemon_peel,cottage_cheese,{'weight': 1}
lemon_peel,smoked_sausage,{'weight': 2}
lemon_peel,shrimp,{'weight': 2}
lemon_peel,basil,{'weight': 2}
lemon_peel,lemongrass,{'weight': 1}
lemon_peel,pineapple,{'weight': 2}
lemon_peel,bitter_orange,{'weight': 1}
lemon_peel,peanut_butter,{'weight': 2}
lemon_peel,bacon,{'weight': 2}
lemon_peel,lemon,{'weight': 2}
lemon_peel,cream_cheese,{'weight': 1}
lemon_peel,vanilla,{'weight': 2}
blue_cheese,olive_oil,{'weight': 2}
blue_cheese,lettuce,{'weight': 1}
blue_cheese,fennel,{'weight': 1}
blue_cheese,japanese_plum,{'weight': 2}
blue_cheese,soy_sauce,{'weight': 1}
blue_cheese,sesame_oil,{'weight': 1}
blue_cheese,pimento,{'weight': 1}
blue_cheese,vegetable_oil,{'weight': 1}
blue_cheese,beet,{'weight': 2}
blue_cheese,lime_juice,{'weight': 1}
blue_cheese,chinese_cabbage,{'weight': 2}
blue_cheese,basil,{'weight': 2}
blue_cheese,milk_fat,{'weight': 2}
blue_cheese,beef_broth,{'weight': 2}
blue_cheese,turmeric,{'weight': 2}
blue_cheese,violet,{'weight': 1}
peanut_oil,tabasco_pepper,{'weight': 1}
peanut_oil,violet,{'weight': 1}
peanut_oil,lettuce,{'weight': 2}
peanut_oil,cayenne,{'weight': 1}
peanut_oil,pepper,{'weight': 1}
peanut_oil,nutmeg,{'weight': 2}
peanut_oil,hazelnut,{'weight': 1}
peanut_oil,bitter_orange,{'weight': 2}
peanut_oil,roasted_sesame_seed,{'weight': 2}
peanut_oil,nut,{'weight': 1}
peanut_oil,truffle,{'weight': 2}
peanut_oil,sesame_seed,{'weight': 2}
peanut_oil,onion,{'weight': 1}
peanut_oil,brandy,{'weight': 2}
peanut_oil,walnut,{'weight': 1}
peanut_oil,black_pepper,{'weight': 1}
peanut_oil,sesame_oil,{'weight': 1}
peanut_oil,cilantro,{'weight': 2}
peanut_oil,buttermilk,{'weight': 1}
peanut_oil,mint,{'weight': 1}
shrimp,chickpea,{'weight': 1}
shrimp,sesame_oil,{'weight': 1}
shrimp,soy_sauce,{'weight': 1}
shrimp,bitter_orange,{'weight': 2}
shrimp,cilantro,{'weight': 2}
shrimp,beef_broth,{'weight': 1}
shrimp,milk_fat,{'weight': 1}
shrimp,cassava,{'weight': 2}
shrimp,almond,{'weight': 2}
shrimp,chinese_cabbage,{'weight': 1}
shrimp,basil,{'weight': 1}
tangerine,japanese_plum,{'weight': 1}
tangerine,sesame_seed,{'weight': 2}
tangerine,beef_broth,{'weight': 1}
tangerine,violet,{'weight': 1}
tangerine,chive,{'weight': 2}
tangerine,pumpkin,{'weight': 1}
tangerine,sesame_oil,{'weight': 1}
tangerine,olive_oil,{'weight': 2}
tangerine,roasted_sesame_seed,{'weight': 2}
tangerine,vegetable_oil,{'weight': 1}
tangerine,brandy,{'weight': 2}
tangerine,shallot,{'weight': 2}
tangerine,garlic,{'weight': 1}
tangerine,truffle,{'weight': 2}
tangerine,buttermilk,{'weight': 2}
papaya,maple_syrup,{'weight': 1}
papaya,vegetable_oil,{'weight': 1}
papaya,chinese_cabbage,{'weight': 2}
papaya,lettuce,{'weight': 2}
papaya,cassava,{'weight': 2}
papaya,buttermilk,{'weight': 1}
papaya,garlic,{'weight': 1}
papaya,beef_broth,{'weight': 1}
papaya,beet,{'weight': 1}
papaya,violet,{'weight': 1}
papaya,olive_oil,{'weight': 2}
papaya,almond,{'weight': 2}
papaya,milk_fat,{'weight': 2}
papaya,sesame_oil,{'weight': 1}
papaya,lime_juice,{'weight': 1}
white_wine,cumin,{'weight': 2}
white_wine,shallot,{'weight': 2}
white_wine,olive_oil,{'weight': 2}
white_wine,lentil,{'weight': 1}
white_wine,turmeric,{'weight': 2}
white_wine,cane_molasses,{'weight': 2}
white_wine,fennel,{'weight': 2}
white_wine,maple_syrup,{'weight': 2}
white_wine,sesame_oil,{'weight': 1}
white_wine,soy_sauce,{'weight': 2}
white_wine,almond,{'weight': 1}
white_wine,lime_juice,{'weight': 1}
white_wine,vegetable_oil,{'weight': 1}
white_wine,beef_broth,{'weight': 1}
white_wine,chinese_cabbage,{'weight': 1}
white_wine,violet,{'weight': 1}
celery,sesame_oil,{'weight': 2}
celery,hazelnut,{'weight': 2}
celery,shallot,{'weight': 1}
celery,nut,{'weight': 2}
celery,basil,{'weight': 1}
celery,beef_broth,{'weight': 1}
celery,pimento,{'weight': 2}
celery,violet,{'weight': 1}
celery,chive,{'weight': 2}
celery,cassava,{'weight': 2}
lime,garlic,{'weight': 1}
lime,truffle,{'weight': 1}
lime,olive_oil,{'weight': 2}
lime,sesame_oil,{'weight': 1}
lime,buttermilk,{'weight': 2}
lime,japanese_plum,{'weight': 1}
lime,violet,{'weight': 1}
lime,beef_broth,{'weight': 1}
lime,pumpkin,{'weight': 1}
lime,lime_juice,{'weight': 2}
lime,vegetable_oil,{'weight': 1}
lime,chive,{'weight': 1}
lime,shallot,{'weight': 1}
peanut,corn_flake,{'weight': 2}
peanut,cassava,{'weight': 2}
peanut,violet,{'weight': 1}
peanut,chicory,{'weight': 1}
peanut,japanese_plum,{'weight': 2}
peanut,fennel,{'weight': 1}
peanut,lentil,{'weight': 1}
peanut,turmeric,{'weight': 1}
peanut,macaroni,{'weight': 2}
peanut,olive_oil,{'weight': 1}
peanut,basil,{'weight': 1}
peanut,cumin,{'weight': 1}
peanut,lime_juice,{'weight': 1}
peanut,sesame_oil,{'weight': 1}
fennel,roasted_peanut,{'weight': 1}
fennel,cheddar_cheese,{'weight': 2}
fennel,peanut_butter,{'weight': 1}
fennel,lemongrass,{'weight': 1}
fennel,orange_juice,{'weight': 2}
fennel,cottage_cheese,{'weight': 1}
fennel,cream,{'weight': 2}
fennel,red_wine,{'weight': 1}
fennel,cheese,{'weight': 1}
fennel,fig,{'weight': 1}
fennel,melon,{'weight': 2}
fennel,hazelnut,{'weight': 1}
fennel,parmesan_cheese,{'weight': 2}
fennel,walnut,{'weight': 1}
fennel,cilantro,{'weight': 1}
fennel,romano_cheese,{'weight': 1}
fennel,salmon,{'weight': 1}
fennel,roasted_beef,{'weight': 2}
fennel,olive,{'weight': 1}
fennel,pork_sausage,{'weight': 1}
fennel,raisin,{'weight': 1}
fennel,cream_cheese,{'weight': 1}
fennel,bacon,{'weight': 1}
fennel,butter,{'weight': 1}
fennel,banana,{'weight': 1}
fennel,nut,{'weight': 1}
fennel,kidney_bean,{'weight': 2}
fennel,wine,{'weight': 1}
clam,cumin,{'weight': 1}
clam,lime_juice,{'weight': 1}
clam,tabasco_pepper,{'weight': 2}
clam,black_pepper,{'weight': 2}
clam,lettuce,{'weight': 1}
clam,nut,{'weight': 2}
clam,buttermilk,{'weight': 2}
clam,pepper,{'weight': 2}
clam,cayenne,{'weight': 2}
clam,chicory,{'weight': 1}
clam,cassava,{'weight': 2}
clam,sesame_oil,{'weight': 1}
clam,chinese_cabbage,{'weight': 1}
clam,chickpea,{'weight': 1}
clam,chive,{'weight': 2}
clam,basil,{'weight': 1}
clam,hazelnut,{'weight': 2}
ginger,almond,{'weight': 2}
ginger,sesame_oil,{'weight': 1}
ginger,violet,{'weight': 1}
ginger,olive_oil,{'weight': 1}
ginger,garlic,{'weight': 2}
ginger,cassava,{'weight': 1}
bread,olive_oil,{'weight': 1}
bread,wheat,{'weight': 1}
bread,cilantro,{'weight': 2}
bread,tabasco_pepper,{'weight': 1}
bread,almond,{'weight': 2}
bread,macaroni,{'weight': 1}
bread,pepper,{'weight': 1}
bread,cayenne,{'weight': 1}
bread,lettuce,{'weight': 2}
bread,japanese_plum,{'weight': 1}
bread,chive,{'weight': 2}
bread,beef_broth,{'weight': 2}
bread,violet,{'weight': 1}
bread,corn_flake,{'weight': 1}
bread,black_pepper,{'weight': 1}
bread,shallot,{'weight': 1}
pimenta,pepper,{'weight': 1}
pimenta,cayenne,{'weight': 1}
pimenta,basil,{'weight': 1}
pimenta,nutmeg,{'weight': 1}
pimenta,bay,{'weight': 1}
pimenta,tabasco_pepper,{'weight': 1}
pimenta,pimento,{'weight': 1}
pimenta,black_pepper,{'weight': 1}
violet,shiitake,{'weight': 1}
violet,pear,{'weight': 1}
violet,butter,{'weight': 1}
violet,peanut_butter,{'weight': 1}
violet,pineapple,{'weight': 1}
violet,bitter_orange,{'weight': 1}
violet,matsutake,{'weight': 1}
violet,mango,{'weight': 1}
violet,mushroom,{'weight': 1}
violet,cheese,{'weight': 1}
violet,cheddar_cheese,{'weight': 1}
violet,pork_sausage,{'weight': 1}
violet,melon,{'weight': 1}
violet,walnut,{'weight': 1}
violet,kidney_bean,{'weight': 1}
violet,roasted_peanut,{'weight': 1}
violet,olive,{'weight': 1}
violet,truffle,{'weight': 1}
violet,lettuce,{'weight': 1}
violet,wine,{'weight': 1}
violet,turkey,{'weight': 1}
violet,mint,{'weight': 1}
violet,banana,{'weight': 1}
violet,salmon,{'weight': 1}
violet,hazelnut,{'weight': 1}
violet,nut,{'weight': 1}
violet,sesame_oil,{'weight': 1}
violet,cream_cheese,{'weight': 1}
violet,avocado,{'weight': 1}
violet,cocoa,{'weight': 1}
violet,ham,{'weight': 1}
violet,garlic,{'weight': 1}
violet,cherry,{'weight': 1}
violet,fig,{'weight': 1}
violet,strawberry,{'weight': 1}
violet,white_bread,{'weight': 1}
violet,lemon,{'weight': 1}
violet,potato,{'weight': 1}
violet,roasted_beef,{'weight': 1}
violet,parmesan_cheese,{'weight': 1}
violet,rum,{'weight': 1}
violet,raisin,{'weight': 1}
violet,cottage_cheese,{'weight': 1}
violet,cucumber,{'weight': 1}
violet,veal,{'weight': 1}
violet,smoked_sausage,{'weight': 1}
violet,coconut,{'weight': 1}
violet,red_wine,{'weight': 1}
violet,romano_cheese,{'weight': 1}
violet,bacon,{'weight': 1}
wheat,butter,{'weight': 1}
wheat,fish,{'weight': 1}
wheat,cheese,{'weight': 1}
wheat,mushroom,{'weight': 1}
wheat,matsutake,{'weight': 1}
wheat,orange_juice,{'weight': 1}
wheat,romano_cheese,{'weight': 1}
wheat,shiitake,{'weight': 1}
wheat,ham,{'weight': 2}
wheat,salmon,{'weight': 1}
wheat,cream,{'weight': 1}
wheat,almond,{'weight': 2}
wheat,beet,{'weight': 2}
wheat,walnut,{'weight': 1}
wheat,strawberry,{'weight': 1}
corn_flake,peanut_butter,{'weight': 2}
corn_flake,almond,{'weight': 2}
corn_flake,roasted_peanut,{'weight': 2}
corn_flake,beet,{'weight': 2}
corn_flake,romano_cheese,{'weight': 1}
corn_flake,cream,{'weight': 1}
corn_flake,cheese,{'weight': 1}
corn_flake,ham,{'weight': 2}
cayenne,vinegar,{'weight': 1}
cayenne,bay,{'weight': 1}
cayenne,salmon,{'weight': 2}
cayenne,hazelnut,{'weight': 1}
cayenne,nut,{'weight': 1}
cayenne,turkey,{'weight': 1}
cayenne,white_bread,{'weight': 1}
cayenne,walnut,{'weight': 1}
cayenne,garlic,{'weight': 1}
cayenne,smoked_sausage,{'weight': 1}
cayenne,fish,{'weight': 1}
cayenne,broccoli,{'weight': 1}
cayenne,raisin,{'weight': 2}
cayenne,fig,{'weight': 2}
cayenne,brandy,{'weight': 1}
cayenne,cream,{'weight': 1}
cayenne,coconut,{'weight': 1}
cayenne,lemongrass,{'weight': 2}
cayenne,veal,{'weight': 1}
cayenne,cauliflower,{'weight': 1}
cayenne,pork_sausage,{'weight': 1}
cayenne,ham,{'weight': 1}
cayenne,lime_juice,{'weight': 1}
cayenne,bacon,{'weight': 1}
pear,japanese_plum,{'weight': 1}
pear,lime_juice,{'weight': 1}
pear,sage,{'weight': 2}
pear,sesame_oil,{'weight': 1}
pear,sesame_seed,{'weight': 2}
pear,broccoli,{'weight': 2}
pear,lemongrass,{'weight': 1}
pear,roasted_sesame_seed,{'weight': 2}
pear,shallot,{'weight': 1}
pear,buttermilk,{'weight': 1}
pear,garlic,{'weight': 1}
kidney_bean,chinese_cabbage,{'weight': 2}
kidney_bean,lentil,{'weight': 1}
kidney_bean,japanese_plum,{'weight': 2}
kidney_bean,chicory,{'weight': 1}
kidney_bean,lime_juice,{'weight': 1}
kidney_bean,sesame_oil,{'weight': 1}
kidney_bean,chicken_broth,{'weight': 1}
kidney_bean,basil,{'weight': 2}
kidney_bean,sage,{'weight': 2}
kidney_bean,cassava,{'weight': 2}
kidney_bean,shallot,{'weight': 2}
tabasco_pepper,broccoli,{'weight': 1}
tabasco_pepper,brandy,{'weight': 1}
tabasco_pepper,hazelnut,{'weight': 1}
tabasco_pepper,lime_juice,{'weight': 1}
tabasco_pepper,nut,{'weight': 1}
tabasco_pepper,turkey,{'weight': 1}
tabasco_pepper,raisin,{'weight': 2}
tabasco_pepper,salmon,{'weight': 2}
tabasco_pepper,pork_sausage,{'weight': 1}
tabasco_pepper,garlic,{'weight': 1}
tabasco_pepper,lemongrass,{'weight': 2}
tabasco_pepper,smoked_sausage,{'weight': 1}
tabasco_pepper,white_bread,{'weight': 1}
tabasco_pepper,fish,{'weight': 1}
tabasco_pepper,bay,{'weight': 1}
tabasco_pepper,vinegar,{'weight': 2}
tabasco_pepper,cauliflower,{'weight': 1}
tabasco_pepper,walnut,{'weight': 1}
tabasco_pepper,ham,{'weight': 1}
tabasco_pepper,veal,{'weight': 1}
tabasco_pepper,cream,{'weight': 2}
tabasco_pepper,coconut,{'weight': 1}
tabasco_pepper,bacon,{'weight': 1}
chicken_broth,roasted_peanut,{'weight': 1}
chicken_broth,pork_sausage,{'weight': 1}
chicken_broth,ham,{'weight': 1}
chicken_broth,peanut_butter,{'weight': 1}
chicken_broth,carrot,{'weight': 1}
chicken_broth,bacon,{'weight': 1}
chicken_broth,butter,{'weight': 1}
chicken_broth,roasted_beef,{'weight': 1}
chicken_broth,cilantro,{'weight': 1}
nut,sesame_oil,{'weight': 1}
nut,fish,{'weight': 2}
nut,cilantro,{'weight': 1}
nut,turmeric,{'weight': 1}
nut,nutmeg,{'weight': 1}
nut,onion,{'weight': 1}
nut,carrot,{'weight': 2}
nut,sesame_seed,{'weight': 2}
nut,cauliflower,{'weight': 1}
nut,broccoli,{'weight': 1}
nut,vinegar,{'weight': 1}
nut,cucumber,{'weight': 1}
nut,lettuce,{'weight': 1}
nut,garlic,{'weight': 1}
nut,roasted_sesame_seed,{'weight': 2}
nut,cumin,{'weight': 1}
nut,black_pepper,{'weight': 1}
nut,orange_juice,{'weight': 2}
nut,pepper,{'weight': 1}
carrot,cassava,{'weight': 1}
carrot,hazelnut,{'weight': 2}
carrot,broccoli,{'weight': 2}
carrot,buttermilk,{'weight': 2}
carrot,almond,{'weight': 1}
carrot,garlic,{'weight': 2}
carrot,walnut,{'weight': 2}
carrot,shallot,{'weight': 1}
carrot,coconut,{'weight': 2}
onion,olive_oil,{'weight': 2}
onion,mint,{'weight': 1}
onion,bitter_orange,{'weight': 2}
onion,beef_broth,{'weight': 2}
onion,lemongrass,{'weight': 1}
onion,lettuce,{'weight': 2}
onion,lentil,{'weight': 1}
onion,chinese_cabbage,{'weight': 1}
onion,vegetable_oil,{'weight': 1}
onion,lime_juice,{'weight': 1}
onion,hazelnut,{'weight': 1}
onion,japanese_plum,{'weight': 2}
truffle,buttermilk,{'weight': 2}
truffle,bitter_orange,{'weight': 1}
truffle,lettuce,{'weight': 1}
truffle,cauliflower,{'weight': 2}
truffle,lemon,{'weight': 1}
truffle,cucumber,{'weight': 2}
truffle,almond,{'weight': 1}
truffle,sesame_oil,{'weight': 1}
truffle,sesame_seed,{'weight': 2}
truffle,cream,{'weight': 2}
sesame_seed,bitter_orange,{'weight': 2}
sesame_seed,lemongrass,{'weight': 2}
sesame_seed,mint,{'weight': 1}
sesame_seed,walnut,{'weight': 2}
sesame_seed,cherry,{'weight': 1}
sesame_seed,broccoli,{'weight': 1}
sesame_seed,pumpkin,{'weight': 1}
sesame_seed,buttermilk,{'weight': 1}
sesame_seed,cilantro,{'weight': 1}
sesame_seed,hazelnut,{'weight': 2}
sesame_seed,beef_broth,{'weight': 1}
sesame_seed,brandy,{'weight': 2}
sesame_seed,chive,{'weight': 1}
sesame_seed,olive,{'weight': 2}
sesame_seed,vinegar,{'weight': 2}
sesame_seed,orange_juice,{'weight': 2}
sesame_seed,nutmeg,{'weight': 1}
sesame_seed,cassava,{'weight': 1}
cheese,lettuce,{'weight': 1}
cheese,sage,{'weight': 2}
cheese,japanese_plum,{'weight': 1}
cheese,turmeric,{'weight': 2}
cheese,chinese_cabbage,{'weight': 2}
cheese,pimento,{'weight': 1}
cheese,macaroni,{'weight': 1}
cheese,olive_oil,{'weight': 2}
cheese,almond,{'weight': 2}
cheese,sesame_oil,{'weight': 1}
cheese,vegetable_oil,{'weight': 1}
cheese,beef_broth,{'weight': 1}
cheese,lime_juice,{'weight': 1}
cheese,soy_sauce,{'weight': 1}
cheese,beet,{'weight': 1}
cheese,milk_fat,{'weight': 1}
cheese,basil,{'weight': 2}
pepper,coconut,{'weight': 1}
pepper,veal,{'weight': 1}
pepper,lemongrass,{'weight': 2}
pepper,smoked_sausage,{'weight': 1}
pepper,walnut,{'weight': 1}
pepper,bacon,{'weight': 1}
pepper,fish,{'weight': 1}
pepper,raisin,{'weight': 2}
pepper,white_bread,{'weight': 1}
pepper,brandy,{'weight': 1}
pepper,garlic,{'weight': 1}
pepper,lime_juice,{'weight': 1}
pepper,salmon,{'weight': 2}
pepper,ham,{'weight': 1}
pepper,pork_sausage,{'weight': 1}
pepper,fig,{'weight': 2}
pepper,broccoli,{'weight': 1}
pepper,turkey,{'weight': 1}
pepper,vinegar,{'weight': 1}
pepper,bay,{'weight': 1}
pepper,hazelnut,{'weight': 1}
pepper,cauliflower,{'weight': 1}
pepper,cream,{'weight': 1}
wine,beef_broth,{'weight': 1}
wine,basil,{'weight': 1}
wine,sage,{'weight': 2}
wine,maple_syrup,{'weight': 2}
wine,pimento,{'weight': 2}
wine,turmeric,{'weight': 1}
wine,japanese_plum,{'weight': 2}
wine,shallot,{'weight': 2}
wine,vegetable_oil,{'weight': 1}
wine,cane_molasses,{'weight': 2}
wine,soy_sauce,{'weight': 2}
wine,sesame_oil,{'weight': 1}
wine,cumin,{'weight': 1}
wine,olive_oil,{'weight': 2}
wine,lime_juice,{'weight': 1}
wine,almond,{'weight': 1}
rum,vegetable_oil,{'weight': 1}
rum,olive_oil,{'weight': 2}
rum,sesame_oil,{'weight': 1}
rum,soy_sauce,{'weight': 2}
rum,milk_fat,{'weight': 1}
rum,cassava,{'weight': 2}
rum,cane_molasses,{'weight': 1}
rum,japanese_plum,{'weight': 2}
rum,pimento,{'weight': 2}
rum,broccoli,{'weight': 2}
rum,almond,{'weight': 1}
rum,shallot,{'weight': 2}
rum,lime_juice,{'weight': 1}
rum,maple_syrup,{'weight': 1}
rum,chinese_cabbage,{'weight': 1}
rum,lettuce,{'weight': 1}
rum,beef_broth,{'weight': 1}
sage,avocado,{'weight': 2}
sage,bitter_orange,{'weight': 2}
sage,mushroom,{'weight': 1}
sage,cottage_cheese,{'weight': 2}
sage,cream_cheese,{'weight': 2}
sage,shiitake,{'weight': 1}
sage,matsutake,{'weight': 1}
sage,pineapple,{'weight': 2}
sage,cheddar_cheese,{'weight': 2}
sage,lemongrass,{'weight': 1}
sage,fig,{'weight': 2}
sage,romano_cheese,{'weight': 2}
sage,bacon,{'weight': 1}
sage,orange_juice,{'weight': 1}
sage,potato,{'weight': 1}
sage,red_wine,{'weight': 2}
sage,pork_sausage,{'weight': 1}
sage,cream,{'weight': 1}
sage,cocoa,{'weight': 1}
pimento,vinegar,{'weight': 2}
pimento,romano_cheese,{'weight': 1}
pimento,vanilla,{'weight': 2}
pimento,cream,{'weight': 1}
pimento,melon,{'weight': 1}
pimento,pork_sausage,{'weight': 1}
pimento,shiitake,{'weight': 1}
pimento,mushroom,{'weight': 1}
pimento,banana,{'weight': 2}
pimento,cheddar_cheese,{'weight': 1}
pimento,cottage_cheese,{'weight': 1}
pimento,lemongrass,{'weight': 1}
pimento,potato,{'weight': 1}
pimento,butter,{'weight': 2}
pimento,bay,{'weight': 1}
pimento,parmesan_cheese,{'weight': 2}
pimento,matsutake,{'weight': 1}
pimento,fig,{'weight': 1}
pimento,bacon,{'weight': 1}
pimento,cumin,{'weight': 1}
pimento,cream_cheese,{'weight': 1}
roasted_peanut,lard,{'weight': 1}
roasted_peanut,lentil,{'weight': 1}
roasted_peanut,olive_oil,{'weight': 1}
roasted_peanut,milk_fat,{'weight': 1}
roasted_peanut,chicory,{'weight': 1}
roasted_peanut,beef_broth,{'weight': 1}
roasted_peanut,basil,{'weight': 1}
roasted_peanut,macaroni,{'weight': 2}
roasted_peanut,lime_juice,{'weight': 1}
roasted_peanut,turmeric,{'weight': 1}
roasted_peanut,japanese_plum,{'weight': 2}
roasted_peanut,cumin,{'weight': 1}
cream,beet,{'weight': 1}
cream,shallot,{'weight': 1}
cream,avocado,{'weight': 1}
cream,basil,{'weight': 1}
cream,turmeric,{'weight': 1}
cream,cilantro,{'weight': 1}
cream,chive,{'weight': 1}
cream,beef_broth,{'weight': 1}
cream,lemongrass,{'weight': 1}
cream,cassava,{'weight': 2}
cream,nutmeg,{'weight': 1}
cream,almond,{'weight': 1}
cream,macaroni,{'weight': 1}
cream,walnut,{'weight': 1}
cream,black_pepper,{'weight': 1}
cream,brandy,{'weight': 1}
cream,cumin,{'weight': 1}
cream,broccoli,{'weight': 1}
melon,soy_sauce,{'weight': 2}
melon,japanese_plum,{'weight': 2}
melon,pumpkin,{'weight': 2}
melon,buttermilk,{'weight': 2}
melon,olive_oil,{'weight': 1}
melon,maple_syrup,{'weight': 1}
melon,milk_fat,{'weight': 1}
melon,lemongrass,{'weight': 2}
melon,almond,{'weight': 1}
melon,brandy,{'weight': 2}
melon,sesame_oil,{'weight': 2}
melon,chinese_cabbage,{'weight': 1}
melon,chive,{'weight': 1}
melon,lime_juice,{'weight': 1}
cheddar_cheese,lettuce,{'weight': 1}
cheddar_cheese,chinese_cabbage,{'weight': 2}
cheddar_cheese,cumin,{'weight': 1}
cheddar_cheese,beet,{'weight': 2}
cheddar_cheese,soy_sauce,{'weight': 1}
cheddar_cheese,milk_fat,{'weight': 1}
cheddar_cheese,sesame_oil,{'weight': 1}
cheddar_cheese,beef_broth,{'weight': 2}
cheddar_cheese,olive_oil,{'weight': 2}
cheddar_cheese,vegetable_oil,{'weight': 1}
cheddar_cheese,lime_juice,{'weight': 1}
cheddar_cheese,turmeric,{'weight': 2}
cheddar_cheese,japanese_plum,{'weight': 1}
lemongrass,olive,{'weight': 1}
lemongrass,roasted_sesame_seed,{'weight': 2}
lemongrass,cauliflower,{'weight': 1}
lemongrass,turmeric,{'weight': 1}
lemongrass,vinegar,{'weight': 1}
lemongrass,raisin,{'weight': 2}
lemongrass,banana,{'weight': 1}
lemongrass,avocado,{'weight': 2}
lemongrass,mint,{'weight': 2}
lemongrass,black_pepper,{'weight': 2}
lemongrass,japanese_plum,{'weight': 1}
lemongrass,vanilla,{'weight': 2}
lemongrass,cherry,{'weight': 2}
buttermilk,banana,{'weight': 2}
buttermilk,pumpkin,{'weight': 1}
buttermilk,raisin,{'weight': 1}
buttermilk,beef_broth,{'weight': 1}
buttermilk,almond,{'weight': 2}
buttermilk,pineapple,{'weight': 2}
buttermilk,mint,{'weight': 1}
buttermilk,garlic,{'weight': 1}
buttermilk,beet,{'weight': 2}
buttermilk,smoked_sausage,{'weight': 1}
buttermilk,coconut,{'weight': 2}
buttermilk,cassava,{'weight': 1}
buttermilk,chive,{'weight': 1}
buttermilk,olive,{'weight': 2}
buttermilk,bitter_orange,{'weight': 1}
buttermilk,lemon,{'weight': 2}
buttermilk,cauliflower,{'weight': 1}
buttermilk,fish,{'weight': 2}
buttermilk,fig,{'weight': 1}
buttermilk,apricot,{'weight': 1}
buttermilk,vinegar,{'weight': 1}
buttermilk,vanilla,{'weight': 2}
buttermilk,orange_juice,{'weight': 1}
buttermilk,roasted_sesame_seed,{'weight': 1}
hazelnut,roasted_sesame_seed,{'weight': 2}
hazelnut,cumin,{'weight': 1}
hazelnut,vinegar,{'weight': 1}
hazelnut,garlic,{'weight': 1}
hazelnut,cilantro,{'weight': 1}
hazelnut,turmeric,{'weight': 1}
hazelnut,black_pepper,{'weight': 1}
hazelnut,broccoli,{'weight': 1}
hazelnut,nutmeg,{'weight': 1}
hazelnut,fish,{'weight': 2}
hazelnut,cauliflower,{'weight': 1}
hazelnut,sesame_oil,{'weight': 1}
hazelnut,cucumber,{'weight': 1}
hazelnut,lettuce,{'weight': 1}
hazelnut,orange_juice,{'weight': 2}
pumpkin,apricot,{'weight': 2}
pumpkin,cassava,{'weight': 1}
pumpkin,fig,{'weight': 2}
pumpkin,roasted_sesame_seed,{'weight': 1}
pumpkin,lettuce,{'weight': 2}
pumpkin,garlic,{'weight': 1}
pumpkin,chive,{'weight': 1}
pumpkin,vinegar,{'weight': 2}
pumpkin,brandy,{'weight': 2}
pumpkin,japanese_plum,{'weight': 1}
pumpkin,vanilla,{'weight': 2}
pumpkin,raisin,{'weight': 2}
pumpkin,lemon,{'weight': 1}
pumpkin,coconut,{'weight': 2}
pumpkin,cauliflower,{'weight': 2}
pumpkin,mint,{'weight': 2}
pumpkin,shallot,{'weight': 2}
pumpkin,walnut,{'weight': 1}
bay,nutmeg,{'weight': 1}
bay,black_pepper,{'weight': 1}
bay,basil,{'weight': 1}
maple_syrup,parmesan_cheese,{'weight': 1}
maple_syrup,roasted_beef,{'weight': 1}
maple_syrup,mango,{'weight': 1}
maple_syrup,red_wine,{'weight': 2}
soy_sauce,cream_cheese,{'weight': 1}
soy_sauce,mango,{'weight': 2}
soy_sauce,shiitake,{'weight': 2}
soy_sauce,cocoa,{'weight': 2}
soy_sauce,red_wine,{'weight': 2}
soy_sauce,strawberry,{'weight': 1}
soy_sauce,roasted_beef,{'weight': 2}
soy_sauce,mushroom,{'weight': 2}
soy_sauce,pineapple,{'weight': 2}
soy_sauce,vinegar,{'weight': 1}
soy_sauce,cottage_cheese,{'weight': 1}
soy_sauce,matsutake,{'weight': 2}
soy_sauce,butter,{'weight': 1}
soy_sauce,parmesan_cheese,{'weight': 1}
soy_sauce,romano_cheese,{'weight': 1}
soy_sauce,beef_broth,{'weight': 1}
olive_oil,turkey,{'weight': 1}
olive_oil,shiitake,{'weight': 1}
olive_oil,pineapple,{'weight': 1}
olive_oil,cherry,{'weight': 1}
olive_oil,lemon,{'weight': 2}
olive_oil,pork_sausage,{'weight': 1}
olive_oil,apricot,{'weight': 1}
olive_oil,veal,{'weight': 1}
olive_oil,peanut_butter,{'weight': 1}
olive_oil,roasted_beef,{'weight': 2}
olive_oil,mango,{'weight': 1}
olive_oil,potato,{'weight': 1}
olive_oil,vinegar,{'weight': 1}
olive_oil,bacon,{'weight': 1}
olive_oil,romano_cheese,{'weight': 2}
olive_oil,cream_cheese,{'weight': 2}
olive_oil,matsutake,{'weight': 1}
olive_oil,smoked_sausage,{'weight': 1}
olive_oil,strawberry,{'weight': 1}
olive_oil,red_wine,{'weight': 2}
olive_oil,coconut,{'weight': 1}
olive_oil,banana,{'weight': 2}
olive_oil,butter,{'weight': 1}
olive_oil,parmesan_cheese,{'weight': 2}
olive_oil,cottage_cheese,{'weight': 2}
olive_oil,cocoa,{'weight': 1}
olive_oil,white_bread,{'weight': 1}
olive_oil,ham,{'weight': 1}
olive_oil,mushroom,{'weight': 1}
olive_oil,vegetable_oil,{'weight': 1}
black_pepper,broccoli,{'weight': 1}
black_pepper,turkey,{'weight': 1}
black_pepper,pork_sausage,{'weight': 1}
black_pepper,ham,{'weight': 1}
black_pepper,walnut,{'weight': 1}
black_pepper,raisin,{'weight': 2}
black_pepper,smoked_sausage,{'weight': 1}
black_pepper,lime_juice,{'weight': 1}
black_pepper,garlic,{'weight': 1}
black_pepper,fish,{'weight': 1}
black_pepper,white_bread,{'weight': 1}
black_pepper,coconut,{'weight': 1}
black_pepper,bacon,{'weight': 1}
black_pepper,veal,{'weight': 1}
black_pepper,brandy,{'weight': 1}
black_pepper,cauliflower,{'weight': 1}
black_pepper,fig,{'weight': 2}
black_pepper,vinegar,{'weight': 1}
lettuce,bitter_orange,{'weight': 2}
lettuce,sesame_oil,{'weight': 1}
lettuce,white_bread,{'weight': 2}
lettuce,cauliflower,{'weight': 1}
lettuce,cocoa,{'weight': 2}
lettuce,cilantro,{'weight': 1}
lettuce,romano_cheese,{'weight': 1}
lettuce,brandy,{'weight': 1}
lettuce,ham,{'weight': 2}
lettuce,matsutake,{'weight': 1}
lettuce,mushroom,{'weight': 1}
lettuce,cream_cheese,{'weight': 1}
lettuce,roasted_beef,{'weight': 2}
lettuce,mint,{'weight': 1}
lettuce,garlic,{'weight': 1}
lettuce,turkey,{'weight': 2}
lettuce,mango,{'weight': 2}
lettuce,shiitake,{'weight': 1}
lettuce,veal,{'weight': 2}
lettuce,smoked_sausage,{'weight': 2}
lettuce,cottage_cheese,{'weight': 1}
lettuce,fish,{'weight': 2}
lettuce,coconut,{'weight': 2}
lettuce,broccoli,{'weight': 1}
lettuce,shallot,{'weight': 1}
lettuce,raisin,{'weight': 2}
lettuce,bacon,{'weight': 2}
lettuce,pork_sausage,{'weight': 2}
lettuce,cherry,{'weight': 2}
lettuce,parmesan_cheese,{'weight': 1}
lettuce,walnut,{'weight': 1}
mint,basil,{'weight': 2}
mint,roasted_sesame_seed,{'weight': 1}
mint,japanese_plum,{'weight': 1}
mint,vinegar,{'weight': 2}
mint,lime_juice,{'weight': 1}
mint,garlic,{'weight': 2}
mint,broccoli,{'weight': 2}
mint,cauliflower,{'weight': 2}
mint,sesame_oil,{'weight': 1}
mint,cucumber,{'weight': 2}
beet,potato,{'weight': 2}
beet,macaroni,{'weight': 2}
beet,veal,{'weight': 2}
beet,parmesan_cheese,{'weight': 2}
beet,butter,{'weight': 1}
beet,ham,{'weight': 2}
beet,turkey,{'weight': 2}
beet,cream_cheese,{'weight': 2}
beet,roasted_beef,{'weight': 2}
beet,romano_cheese,{'weight': 1}
beet,white_bread,{'weight': 2}
beet,cottage_cheese,{'weight': 2}
basil,pork_sausage,{'weight': 1}
basil,banana,{'weight': 1}
basil,red_wine,{'weight': 2}
basil,cottage_cheese,{'weight': 2}
basil,vinegar,{'weight': 1}
basil,cream_cheese,{'weight': 2}
basil,potato,{'weight': 2}
basil,roasted_beef,{'weight': 1}
basil,bitter_orange,{'weight': 1}
basil,cilantro,{'weight': 2}
basil,bacon,{'weight': 1}
basil,cocoa,{'weight': 1}
basil,raisin,{'weight': 1}
basil,romano_cheese,{'weight': 2}
basil,olive,{'weight': 2}
basil,peanut_butter,{'weight': 1}
basil,butter,{'weight': 2}
basil,cherry,{'weight': 2}
basil,apricot,{'weight': 1}
lard,salmon,{'weight': 1}
lard,roasted_beef,{'weight': 1}
lard,fish,{'weight': 1}
lard,cilantro,{'weight': 1}
lard,pork_sausage,{'weight': 1}
lard,bacon,{'weight': 1}
lard,peanut_butter,{'weight': 1}
cauliflower,chinese_cabbage,{'weight': 1}
cauliflower,sesame_oil,{'weight': 1}
cauliflower,raisin,{'weight': 2}
cauliflower,cassava,{'weight': 2}
cauliflower,chive,{'weight': 1}
cauliflower,shallot,{'weight': 2}
cauliflower,nutmeg,{'weight': 1}
vanilla,turmeric,{'weight': 1}
vanilla,japanese_plum,{'weight': 2}
vanilla,cucumber,{'weight': 2}
vanilla,broccoli,{'weight': 2}
vanilla,chinese_cabbage,{'weight': 2}
vanilla,cassava,{'weight': 2}
vanilla,cumin,{'weight': 2}
vanilla,beef_broth,{'weight': 1}
vanilla,almond,{'weight': 2}
vanilla,milk_fat,{'weight': 1}
vanilla,bitter_orange,{'weight': 2}
pineapple,sesame_oil,{'weight': 1}
pineapple,japanese_plum,{'weight': 1}
pineapple,cassava,{'weight': 2}
pineapple,almond,{'weight': 1}
pineapple,milk_fat,{'weight': 1}
pineapple,cumin,{'weight': 2}
pineapple,chinese_cabbage,{'weight': 2}
pineapple,shallot,{'weight': 2}
pineapple,beef_broth,{'weight': 1}
pineapple,turmeric,{'weight': 2}
pineapple,chive,{'weight': 1}
lentil,parmesan_cheese,{'weight': 1}
lentil,japanese_plum,{'weight': 1}
lentil,peanut_butter,{'weight': 1}
lentil,strawberry,{'weight': 1}
lentil,cassava,{'weight': 1}
lentil,cocoa,{'weight': 1}
salmon,almond,{'weight': 2}
salmon,chickpea,{'weight': 1}
salmon,cumin,{'weight': 1}
salmon,beef_broth,{'weight': 2}
salmon,sesame_oil,{'weight': 2}
salmon,japanese_plum,{'weight': 1}
garlic,raisin,{'weight': 1}
garlic,smoked_sausage,{'weight': 2}
garlic,avocado,{'weight': 1}
garlic,nutmeg,{'weight': 1}
garlic,walnut,{'weight': 1}
garlic,vinegar,{'weight': 1}
garlic,ham,{'weight': 2}
garlic,lemon,{'weight': 1}
garlic,fish,{'weight': 2}
garlic,fig,{'weight': 1}
garlic,bitter_orange,{'weight': 2}
garlic,brandy,{'weight': 1}
garlic,banana,{'weight': 2}
garlic,veal,{'weight': 2}
garlic,olive,{'weight': 2}
garlic,sesame_oil,{'weight': 1}
garlic,cherry,{'weight': 2}
garlic,coconut,{'weight': 1}
matsutake,sesame_oil,{'weight': 2}
matsutake,chinese_cabbage,{'weight': 1}
matsutake,cumin,{'weight': 2}
matsutake,turmeric,{'weight': 1}
matsutake,vegetable_oil,{'weight': 1}
matsutake,milk_fat,{'weight': 1}
matsutake,japanese_plum,{'weight': 1}
matsutake,beef_broth,{'weight': 1}
smoked_sausage,sesame_oil,{'weight': 2}
smoked_sausage,almond,{'weight': 2}
smoked_sausage,chive,{'weight': 2}
smoked_sausage,shallot,{'weight': 1}
smoked_sausage,cassava,{'weight': 2}
lime_juice,roasted_beef,{'weight': 1}
lime_juice,red_wine,{'weight': 1}
lime_juice,peanut_butter,{'weight': 1}
lime_juice,cream_cheese,{'weight': 1}
lime_juice,romano_cheese,{'weight': 1}
lime_juice,banana,{'weight': 1}
lime_juice,cottage_cheese,{'weight': 1}
lime_juice,bacon,{'weight': 1}
lime_juice,cocoa,{'weight': 1}
lime_juice,walnut,{'weight': 1}
lime_juice,pork_sausage,{'weight': 1}
lime_juice,parmesan_cheese,{'weight': 1}
lime_juice,nutmeg,{'weight': 1}
fig,turmeric,{'weight': 2}
fig,cumin,{'weight': 2}
fig,cassava,{'weight': 1}
fig,sesame_oil,{'weight': 2}
mango,vegetable_oil,{'weight': 1}
mango,sesame_oil,{'weight': 2}
mango,cane_molasses,{'weight': 1}
turmeric,bacon,{'weight': 1}
turmeric,potato,{'weight': 2}
turmeric,peanut_butter,{'weight': 1}
turmeric,red_wine,{'weight': 1}
turmeric,banana,{'weight': 2}
turmeric,pork_sausage,{'weight': 1}
turmeric,raisin,{'weight': 1}
turmeric,mushroom,{'weight': 1}
turmeric,cream_cheese,{'weight': 2}
turmeric,butter,{'weight': 1}
turmeric,cottage_cheese,{'weight': 2}
turmeric,romano_cheese,{'weight': 2}
turmeric,olive,{'weight': 2}
turmeric,roasted_beef,{'weight': 1}
turmeric,walnut,{'weight': 1}
turmeric,cocoa,{'weight': 1}
turmeric,shiitake,{'weight': 1}
potato,beef_broth,{'weight': 1}
potato,sesame_oil,{'weight': 2}
potato,chive,{'weight': 2}
potato,japanese_plum,{'weight': 2}
cream_cheese,vegetable_oil,{'weight': 1}
cream_cheese,chinese_cabbage,{'weight': 2}
cream_cheese,japanese_plum,{'weight': 1}
cream_cheese,beef_broth,{'weight': 1}
cream_cheese,milk_fat,{'weight': 1}
cream_cheese,sesame_oil,{'weight': 1}
cassava,broccoli,{'weight': 2}
cassava,shallot,{'weight': 1}
cassava,japanese_plum,{'weight': 1}
cassava,sesame_oil,{'weight': 1}
cassava,avocado,{'weight': 2}
cassava,orange_juice,{'weight': 2}
cassava,apricot,{'weight': 1}
cassava,banana,{'weight': 2}
cassava,turkey,{'weight': 2}
cassava,walnut,{'weight': 1}
cassava,coconut,{'weight': 1}
cassava,raisin,{'weight': 1}
cassava,veal,{'weight': 2}
cassava,roasted_sesame_seed,{'weight': 1}
cassava,cucumber,{'weight': 1}
cassava,ham,{'weight': 2}
cassava,vinegar,{'weight': 2}
cassava,butter,{'weight': 2}
cassava,cherry,{'weight': 1}
cassava,beef_broth,{'weight': 1}
orange_juice,bitter_orange,{'weight': 1}
orange_juice,cilantro,{'weight': 2}
orange_juice,japanese_plum,{'weight': 1}
orange_juice,almond,{'weight': 1}
orange_juice,avocado,{'weight': 2}
orange_juice,roasted_sesame_seed,{'weight': 2}
orange_juice,cucumber,{'weight': 1}
orange_juice,beef_broth,{'weight': 1}
orange_juice,shallot,{'weight': 1}
orange_juice,brandy,{'weight': 2}
mushroom,japanese_plum,{'weight': 1}
mushroom,beef_broth,{'weight': 1}
mushroom,sesame_oil,{'weight': 2}
mushroom,vegetable_oil,{'weight': 1}
mushroom,milk_fat,{'weight': 1}
mushroom,cumin,{'weight': 2}
mushroom,chinese_cabbage,{'weight': 1}
apricot,brandy,{'weight': 2}
apricot,almond,{'weight': 2}
apricot,shallot,{'weight': 2}
macaroni,peanut_butter,{'weight': 2}
macaroni,ham,{'weight': 2}
macaroni,romano_cheese,{'weight': 1}
macaroni,almond,{'weight': 2}
vegetable_oil,roasted_beef,{'weight': 1}
vegetable_oil,parmesan_cheese,{'weight': 1}
vegetable_oil,strawberry,{'weight': 1}
vegetable_oil,cottage_cheese,{'weight': 1}
vegetable_oil,red_wine,{'weight': 1}
vegetable_oil,olive,{'weight': 1}
vegetable_oil,lemon,{'weight': 1}
vegetable_oil,shiitake,{'weight': 1}
vegetable_oil,romano_cheese,{'weight': 1}
vegetable_oil,banana,{'weight': 1}
chinese_cabbage,banana,{'weight': 1}
chinese_cabbage,strawberry,{'weight': 2}
chinese_cabbage,cottage_cheese,{'weight': 2}
chinese_cabbage,cocoa,{'weight': 2}
chinese_cabbage,chive,{'weight': 1}
chinese_cabbage,romano_cheese,{'weight': 2}
chinese_cabbage,parmesan_cheese,{'weight': 2}
chinese_cabbage,shiitake,{'weight': 1}
chinese_cabbage,coconut,{'weight': 2}
milk_fat,peanut_butter,{'weight': 1}
milk_fat,red_wine,{'weight': 1}
milk_fat,parmesan_cheese,{'weight': 1}
milk_fat,strawberry,{'weight': 2}
milk_fat,shiitake,{'weight': 1}
milk_fat,roasted_beef,{'weight': 2}
milk_fat,romano_cheese,{'weight': 1}
milk_fat,cottage_cheese,{'weight': 1}
milk_fat,coconut,{'weight': 2}
parmesan_cheese,sesame_oil,{'weight': 1}
parmesan_cheese,cane_molasses,{'weight': 1}
parmesan_cheese,beef_broth,{'weight': 1}
cocoa,chicory,{'weight': 1}
cocoa,japanese_plum,{'weight': 2}
cocoa,beef_broth,{'weight': 1}
avocado,chive,{'weight': 1}
avocado,brandy,{'weight': 2}
avocado,sesame_oil,{'weight': 2}
avocado,almond,{'weight': 1}
bitter_orange,sesame_oil,{'weight': 1}
bitter_orange,shallot,{'weight': 1}
bitter_orange,broccoli,{'weight': 2}
bitter_orange,vinegar,{'weight': 1}
bitter_orange,roasted_sesame_seed,{'weight': 2}
bitter_orange,brandy,{'weight': 1}
shiitake,beef_broth,{'weight': 1}
shiitake,japanese_plum,{'weight': 1}
shiitake,sesame_oil,{'weight': 2}
shiitake,cumin,{'weight': 2}
banana,japanese_plum,{'weight': 1}
banana,cumin,{'weight': 2}
banana,shallot,{'weight': 2}
banana,sesame_oil,{'weight': 1}
banana,broccoli,{'weight': 2}
banana,chive,{'weight': 1}
banana,beef_broth,{'weight': 1}
sesame_oil,raisin,{'weight': 1}
sesame_oil,lemon,{'weight': 1}
sesame_oil,butter,{'weight': 2}
sesame_oil,bacon,{'weight': 2}
sesame_oil,walnut,{'weight': 2}
sesame_oil,strawberry,{'weight': 2}
sesame_oil,red_wine,{'weight': 1}
sesame_oil,ham,{'weight': 2}
sesame_oil,fish,{'weight': 1}
sesame_oil,cottage_cheese,{'weight': 1}
sesame_oil,broccoli,{'weight': 1}
sesame_oil,veal,{'weight': 2}
sesame_oil,cucumber,{'weight': 2}
sesame_oil,olive,{'weight': 1}
sesame_oil,cherry,{'weight': 1}
sesame_oil,coconut,{'weight': 1}
sesame_oil,turkey,{'weight': 2}
sesame_oil,romano_cheese,{'weight': 1}
sesame_oil,pork_sausage,{'weight': 2}
almond,coconut,{'weight': 2}
almond,strawberry,{'weight': 1}
almond,ham,{'weight': 2}
almond,raisin,{'weight': 1}
almond,red_wine,{'weight': 1}
almond,fish,{'weight': 1}
almond,romano_cheese,{'weight': 2}
cane_molasses,red_wine,{'weight': 2}
cane_molasses,butter,{'weight': 1}
cane_molasses,coconut,{'weight': 1}
cherry,brandy,{'weight': 2}
cherry,beef_broth,{'weight': 1}
cherry,broccoli,{'weight': 1}
cherry,shallot,{'weight': 1}
cherry,roasted_sesame_seed,{'weight': 1}
cherry,cilantro,{'weight': 1}
chickpea,roasted_beef,{'weight': 1}
chickpea,bacon,{'weight': 1}
chickpea,fish,{'weight': 1}
chickpea,pork_sausage,{'weight': 1}
peanut_butter,japanese_plum,{'weight': 2}
peanut_butter,beef_broth,{'weight': 1}
peanut_butter,chicory,{'weight': 1}
peanut_butter,cumin,{'weight': 1}
roasted_sesame_seed,walnut,{'weight': 2}
roasted_sesame_seed,olive,{'weight': 2}
roasted_sesame_seed,beef_broth,{'weight': 1}
roasted_sesame_seed,broccoli,{'weight': 1}
roasted_sesame_seed,cilantro,{'weight': 1}
roasted_sesame_seed,vinegar,{'weight': 2}
roasted_sesame_seed,chive,{'weight': 1}
roasted_sesame_seed,nutmeg,{'weight': 1}
cottage_cheese,japanese_plum,{'weight': 1}
cottage_cheese,beef_broth,{'weight': 1}
turkey,chive,{'weight': 2}
turkey,nutmeg,{'weight': 2}
turkey,shallot,{'weight': 1}
pork_sausage,japanese_plum,{'weight': 1}
pork_sausage,chive,{'weight': 2}
broccoli,raisin,{'weight': 1}
broccoli,chive,{'weight': 1}
broccoli,vinegar,{'weight': 1}
broccoli,shallot,{'weight': 2}
fish,beef_broth,{'weight': 1}
fish,japanese_plum,{'weight': 1}
butter,japanese_plum,{'weight': 1}
butter,cumin,{'weight': 1}
butter,shallot,{'weight': 2}
butter,beef_broth,{'weight': 1}
butter,chicory,{'weight': 1}
cucumber,nutmeg,{'weight': 1}
cucumber,walnut,{'weight': 2}
cucumber,raisin,{'weight': 2}
cucumber,vinegar,{'weight': 1}
cucumber,brandy,{'weight': 1}
roasted_beef,cumin,{'weight': 2}
walnut,chive,{'weight': 1}
walnut,brandy,{'weight': 1}
walnut,nutmeg,{'weight': 1}
walnut,vinegar,{'weight': 1}
walnut,cumin,{'weight': 1}
walnut,cilantro,{'weight': 1}
walnut,shallot,{'weight': 1}
walnut,japanese_plum,{'weight': 1}
raisin,shallot,{'weight': 1}
raisin,brandy,{'weight': 2}
raisin,cumin,{'weight': 1}
raisin,cilantro,{'weight': 1}
raisin,japanese_plum,{'weight': 1}
raisin,vinegar,{'weight': 2}
cumin,red_wine,{'weight': 1}
cumin,romano_cheese,{'weight': 1}
cumin,olive,{'weight': 2}
cumin,chive,{'weight': 1}
coconut,shallot,{'weight': 1}
coconut,beef_broth,{'weight': 2}
vinegar,beef_broth,{'weight': 1}
vinegar,brandy,{'weight': 1}
olive,shallot,{'weight': 1}
lemon,japanese_plum,{'weight': 1}
lemon,chive,{'weight': 1}
lemon,shallot,{'weight': 1}
lemon,beef_broth,{'weight': 1}
bacon,japanese_plum,{'weight': 1}
bacon,chive,{'weight': 2}
white_bread,beef_broth,{'weight': 2}
white_bread,japanese_plum,{'weight': 1}
white_bread,chive,{'weight': 2}
white_bread,shallot,{'weight': 1}
white_bread,cilantro,{'weight': 2}
romano_cheese,japanese_plum,{'weight': 1}
romano_cheese,beef_broth,{'weight': 1}
beef_broth,strawberry,{'weight': 1}
beef_broth,red_wine,{'weight': 1}
beef_broth,chive,{'weight': 1}
cilantro,japanese_plum,{'weight': 1}
japanese_plum,nutmeg,{'weight': 1}
japanese_plum,chive,{'weight': 1}
japanese_plum,red_wine,{'weight': 2}
japanese_plum,shallot,{'weight': 1}
shallot,veal,{'weight': 1}
shallot,ham,{'weight': 1}
shallot,brandy,{'weight': 1}
nutmeg,brandy,{'weight': 1}
nutmeg,ham,{'weight': 2}
nutmeg,veal,{'weight': 2}
brandy,chive,{'weight': 1}
chive,veal,{'weight': 2}
chive,ham,{'weight': 2}
